,provinceName,province_confirmedCount,province_curedCount,province_deadCount,updateTime,cityName,city_confirmedCount,city_curedCount,city_deadCount
0,湖北省,730,32,39,2020-01-25 23:55:35,襄阳,1.0,0.0,0.0
1,湖北省,730,32,39,2020-01-25 23:55:35,鄂州,1.0,0.0,0.0
2,湖北省,730,32,39,2020-01-25 23:55:35,宜昌,1.0,0.0,1.0
3,湖北省,730,32,39,2020-01-25 23:55:35,天门,3.0,0.0,0.0
4,湖北省,730,32,39,2020-01-25 23:55:35,随州,5.0,0.0,0.0
5,湖北省,730,32,39,2020-01-25 23:55:35,十堰,5.0,0.0,0.0
6,湖北省,730,32,39,2020-01-25 23:55:35,仙桃,10.0,0.0,0.0
7,湖北省,730,32,39,2020-01-25 23:55:35,荆州,10.0,0.0,0.0
8,湖北省,730,32,39,2020-01-25 23:55:35,恩施州,11.0,0.0,0.0
9,湖北省,730,32,39,2020-01-25 23:55:35,荆门,21.0,0.0,0.0
10,湖北省,730,32,39,2020-01-25 23:55:35,孝感,26.0,0.0,0.0
11,湖北省,730,32,39,2020-01-25 23:55:35,黄石,31.0,0.0,1.0
12,湖北省,730,32,39,2020-01-25 23:55:35,黄冈,64.0,0.0,0.0
13,湖北省,730,32,39,2020-01-25 23:55:35,武汉,572.0,32.0,38.0
14,湖北省,1058,42,52,2020-01-26 13:50:35,鄂州,1.0,0.0,0.0
15,湖北省,1058,42,52,2020-01-26 13:50:35,天门,5.0,0.0,0.0
16,湖北省,1058,42,52,2020-01-26 13:50:35,襄阳,8.0,0.0,0.0
17,湖北省,1058,42,52,2020-01-26 13:50:35,仙桃,11.0,0.0,0.0
18,湖北省,1058,42,52,2020-01-26 13:50:35,恩施州,17.0,0.0,0.0
19,湖北省,1058,42,52,2020-01-26 13:50:35,十堰,20.0,0.0,0.0
20,湖北省,1058,42,52,2020-01-26 13:50:35,宜昌,20.0,0.0,1.0
21,湖北省,1058,42,52,2020-01-26 13:50:35,黄石,31.0,0.0,1.0
22,湖北省,1058,42,52,2020-01-26 13:50:35,荆州,33.0,0.0,2.0
23,湖北省,1058,42,52,2020-01-26 13:50:35,随州,36.0,0.0,0.0
24,湖北省,1058,42,52,2020-01-26 13:50:35,荆门,38.0,0.0,1.0
25,湖北省,1058,42,52,2020-01-26 13:50:35,咸宁,43.0,0.0,0.0
26,湖北省,1058,42,52,2020-01-26 13:50:35,孝感,55.0,0.0,0.0
27,湖北省,1058,42,52,2020-01-26 13:50:35,黄冈,122.0,2.0,2.0
28,湖北省,1058,42,52,2020-01-26 13:50:35,武汉,618.0,40.0,45.0
29,湖北省,1423,47,76,2020-01-27 16:42:57,潜江,5.0,0.0,1.0
30,湖北省,1423,47,76,2020-01-27 16:42:57,仙桃,12.0,0.0,0.0
31,湖北省,1423,47,76,2020-01-27 16:42:57,天门,13.0,0.0,0.0
32,湖北省,1423,47,76,2020-01-27 16:42:57,鄂州,20.0,0.0,0.0
33,湖北省,1423,47,76,2020-01-27 16:42:57,恩施州,25.0,0.0,0.0
34,湖北省,1423,47,76,2020-01-27 16:42:57,宜昌,31.0,0.0,1.0
35,湖北省,1423,47,76,2020-01-27 16:42:57,襄阳,36.0,0.0,0.0
36,湖北省,1423,47,76,2020-01-27 16:42:57,黄石,36.0,0.0,1.0
37,湖北省,1423,47,76,2020-01-27 16:42:57,十堰,40.0,0.0,0.0
38,湖北省,1423,47,76,2020-01-27 16:42:57,荆州,47.0,1.0,2.0
39,湖北省,1423,47,76,2020-01-27 16:42:57,随州,52.0,0.0,0.0
40,湖北省,1423,47,76,2020-01-27 16:42:57,咸宁,64.0,0.0,0.0
41,湖北省,1423,47,76,2020-01-27 16:42:57,荆门,90.0,0.0,3.0
42,湖北省,1423,47,76,2020-01-27 16:42:57,孝感,100.0,0.0,1.0
43,湖北省,1423,47,76,2020-01-27 16:42:57,黄冈,154.0,4.0,4.0
44,湖北省,1423,47,76,2020-01-27 16:42:57,武汉,698.0,42.0,63.0
45,湖北省,2714,52,100,2020-01-28 16:36:17,神农架林区,1.0,0.0,0.0
46,湖北省,2714,52,100,2020-01-28 16:36:17,潜江,7.0,0.0,1.0
47,湖北省,2714,52,100,2020-01-28 16:36:17,天门,23.0,0.0,2.0
48,湖北省,2714,52,100,2020-01-28 16:36:17,仙桃,27.0,0.0,0.0
49,湖北省,2714,52,100,2020-01-28 16:36:17,恩施州,38.0,0.0,0.0
50,湖北省,2714,52,100,2020-01-28 16:36:17,宜昌,51.0,0.0,1.0
51,湖北省,2714,52,100,2020-01-28 16:36:17,黄石,53.0,0.0,1.0
52,湖北省,2714,52,100,2020-01-28 16:36:17,鄂州,57.0,0.0,0.0
53,湖北省,2714,52,100,2020-01-28 16:36:17,十堰,65.0,0.0,0.0
54,湖北省,2714,52,100,2020-01-28 16:36:17,襄阳,70.0,0.0,0.0
55,湖北省,2714,52,100,2020-01-28 16:36:17,随州,70.0,0.0,0.0
56,湖北省,2714,52,100,2020-01-28 16:36:17,荆州,71.0,1.0,2.0
57,湖北省,2714,52,100,2020-01-28 16:36:17,咸宁,91.0,0.0,0.0
58,湖北省,2714,52,100,2020-01-28 16:36:17,荆门,114.0,0.0,3.0
59,湖北省,2714,52,100,2020-01-28 16:36:17,孝感,173.0,0.0,1.0
60,湖北省,2714,52,100,2020-01-28 16:36:17,黄冈,213.0,2.0,4.0
61,湖北省,2714,52,100,2020-01-28 16:36:17,武汉,1590.0,47.0,85.0
62,湖北省,3554,87,125,2020-01-29 20:34:44,神农架林区,3.0,0.0,0.0
63,湖北省,3554,87,125,2020-01-29 20:34:44,潜江,8.0,0.0,1.0
64,湖北省,3554,87,125,2020-01-29 20:34:44,仙桃,32.0,0.0,0.0
65,湖北省,3554,87,125,2020-01-29 20:34:44,天门,34.0,0.0,3.0
66,湖北省,3554,87,125,2020-01-29 20:34:44,恩施州,51.0,0.0,0.0
67,湖北省,3554,87,125,2020-01-29 20:34:44,宜昌,63.0,0.0,1.0
68,湖北省,3554,87,125,2020-01-29 20:34:44,鄂州,84.0,0.0,1.0
69,湖北省,3554,87,125,2020-01-29 20:34:44,黄石,86.0,0.0,1.0
70,湖北省,3554,87,125,2020-01-29 20:34:44,十堰,88.0,0.0,0.0
71,湖北省,3554,87,125,2020-01-29 20:34:44,荆州,101.0,1.0,2.0
72,湖北省,3554,87,125,2020-01-29 20:34:44,咸宁,112.0,0.0,0.0
73,湖北省,3554,87,125,2020-01-29 20:34:44,随州,116.0,0.0,0.0
74,湖北省,3554,87,125,2020-01-29 20:34:44,襄阳,131.0,0.0,0.0
75,湖北省,3554,87,125,2020-01-29 20:34:44,荆门,142.0,0.0,4.0
76,湖北省,3554,87,125,2020-01-29 20:34:44,孝感,274.0,0.0,3.0
77,湖北省,3554,87,125,2020-01-29 20:34:44,黄冈,324.0,2.0,5.0
78,湖北省,3554,87,125,2020-01-29 20:34:44,武汉,1905.0,54.0,104.0
79,湖北省,4903,90,162,2020-01-30 22:24:37,神农架林区,5.0,0.0,0.0
80,湖北省,4903,90,162,2020-01-30 22:24:37,潜江,10.0,0.0,1.0
81,湖北省,4903,90,162,2020-01-30 22:24:37,天门,44.0,0.0,3.0
82,湖北省,4903,90,162,2020-01-30 22:24:37,仙桃,55.0,0.0,0.0
83,湖北省,4903,90,162,2020-01-30 22:24:37,恩施州,66.0,0.0,0.0
84,湖北省,4903,90,162,2020-01-30 22:24:37,黄石,113.0,0.0,1.0
85,湖北省,4903,90,162,2020-01-30 22:24:37,宜昌,117.0,0.0,1.0
86,湖北省,4903,90,162,2020-01-30 22:24:37,十堰,119.0,0.0,0.0
87,湖北省,4903,90,162,2020-01-30 22:24:37,鄂州,123.0,0.0,2.0
88,湖北省,4903,90,162,2020-01-30 22:24:37,咸宁,130.0,0.0,0.0
89,湖北省,4903,90,162,2020-01-30 22:24:37,随州,143.0,0.0,0.0
90,湖北省,4903,90,162,2020-01-30 22:24:37,荆州,151.0,1.0,3.0
91,湖北省,4903,90,162,2020-01-30 22:24:37,襄阳,163.0,0.0,0.0
92,湖北省,4903,90,162,2020-01-30 22:24:37,荆门,191.0,0.0,4.0
93,湖北省,4903,90,162,2020-01-30 22:24:37,孝感,399.0,0.0,6.0
94,湖北省,4903,90,162,2020-01-30 22:24:37,黄冈,496.0,5.0,12.0
95,湖北省,4903,90,162,2020-01-30 22:24:37,武汉,2261.0,54.0,129.0
96,湖北省,5806,141,204,2020-01-31 22:06:41,神农架林区,7.0,2.0,0.0
97,湖北省,5806,141,204,2020-01-31 22:06:41,潜江,12.0,0.0,1.0
98,湖北省,5806,141,204,2020-01-31 22:06:41,天门,67.0,0.0,6.0
99,湖北省,5806,141,204,2020-01-31 22:06:41,恩施州,75.0,0.0,0.0
100,湖北省,5806,141,204,2020-01-31 22:06:41,仙桃,90.0,0.0,1.0
101,湖北省,5806,141,204,2020-01-31 22:06:41,十堰,150.0,0.0,0.0
102,湖北省,5806,141,204,2020-01-31 22:06:41,咸宁,166.0,0.0,0.0
103,湖北省,5806,141,204,2020-01-31 22:06:41,宜昌,167.0,0.0,1.0
104,湖北省,5806,141,204,2020-01-31 22:06:41,黄石,168.0,0.0,1.0
105,湖北省,5806,141,204,2020-01-31 22:06:41,鄂州,189.0,0.0,6.0
106,湖北省,5806,141,204,2020-01-31 22:06:41,荆州,221.0,6.0,3.0
107,湖北省,5806,141,204,2020-01-31 22:06:41,荆门,227.0,0.0,5.0
108,湖北省,5806,141,204,2020-01-31 22:06:41,随州,228.0,0.0,0.0
109,湖北省,5806,141,204,2020-01-31 22:06:41,襄阳,286.0,0.0,0.0
110,湖北省,5806,141,204,2020-01-31 22:06:41,孝感,541.0,2.0,9.0
111,湖北省,5806,141,204,2020-01-31 22:06:41,黄冈,573.0,6.0,12.0
112,湖北省,5806,141,204,2020-01-31 22:06:41,武汉,2639.0,103.0,159.0
113,湖北省,7153,168,249,2020-02-01 19:49:55,神农架林区,7.0,2.0,0.0
114,湖北省,7153,168,249,2020-02-01 19:49:55,潜江,27.0,0.0,1.0
115,湖北省,7153,168,249,2020-02-01 19:49:55,天门,82.0,0.0,7.0
116,湖北省,7153,168,249,2020-02-01 19:49:55,恩施州,87.0,1.0,0.0
117,湖北省,7153,168,249,2020-02-01 19:49:55,仙桃,97.0,0.0,1.0
118,湖北省,7153,168,249,2020-02-01 19:49:55,十堰,177.0,0.0,0.0
119,湖北省,7153,168,249,2020-02-01 19:49:55,咸宁,206.0,1.0,0.0
120,湖北省,7153,168,249,2020-02-01 19:49:55,黄石,209.0,1.0,2.0
121,湖北省,7153,168,249,2020-02-01 19:49:55,鄂州,227.0,0.0,9.0
122,湖北省,7153,168,249,2020-02-01 19:49:55,荆门,251.0,1.0,5.0
123,湖北省,7153,168,249,2020-02-01 19:49:55,宜昌,276.0,0.0,1.0
124,湖北省,7153,168,249,2020-02-01 19:49:55,荆州,287.0,2.0,4.0
125,湖北省,7153,168,249,2020-02-01 19:49:55,随州,304.0,0.0,1.0
126,湖北省,7153,168,249,2020-02-01 19:49:55,襄阳,347.0,0.0,0.0
127,湖北省,7153,168,249,2020-02-01 19:49:55,孝感,628.0,2.0,12.0
128,湖北省,7153,168,249,2020-02-01 19:49:55,黄冈,726.0,17.0,14.0
129,湖北省,7153,168,249,2020-02-01 19:49:55,武汉,3215.0,106.0,192.0
130,湖北省,9074,267,294,2020-02-02 20:50:05,神农架林区,7.0,2.0,0.0
131,湖北省,9074,267,294,2020-02-02 20:50:05,潜江,35.0,0.0,1.0
132,湖北省,9074,267,294,2020-02-02 20:50:05,天门,99.0,0.0,7.0
133,湖北省,9074,267,294,2020-02-02 20:50:05,恩施州,105.0,4.0,0.0
134,湖北省,9074,267,294,2020-02-02 20:50:05,仙桃,140.0,0.0,3.0
135,湖北省,9074,267,294,2020-02-02 20:50:05,十堰,212.0,1.0,0.0
136,湖北省,9074,267,294,2020-02-02 20:50:05,咸宁,246.0,1.0,0.0
137,湖北省,9074,267,294,2020-02-02 20:50:05,黄石,252.0,8.0,2.0
138,湖北省,9074,267,294,2020-02-02 20:50:05,鄂州,278.0,2.0,13.0
139,湖北省,9074,267,294,2020-02-02 20:50:05,荆门,329.0,3.0,7.0
140,湖北省,9074,267,294,2020-02-02 20:50:05,荆州,333.0,4.0,4.0
141,湖北省,9074,267,294,2020-02-02 20:50:05,宜昌,353.0,0.0,1.0
142,湖北省,9074,267,294,2020-02-02 20:50:05,随州,384.0,3.0,3.0
143,湖北省,9074,267,294,2020-02-02 20:50:05,襄阳,441.0,0.0,0.0
144,湖北省,9074,267,294,2020-02-02 20:50:05,孝感,749.0,2.0,14.0
145,湖北省,9074,267,294,2020-02-02 20:50:05,黄冈,1002.0,27.0,15.0
146,湖北省,9074,267,294,2020-02-02 20:50:05,武汉,4109.0,175.0,224.0
147,湖北省,11177,300,350,2020-02-03 21:32:30,神农架林区,7.0,2.0,0.0
148,湖北省,11177,300,350,2020-02-03 21:32:30,潜江,35.0,0.0,1.0
149,湖北省,11177,300,350,2020-02-03 21:32:30,恩施州,111.0,5.0,0.0
150,湖北省,11177,300,350,2020-02-03 21:32:30,天门,115.0,0.0,10.0
151,湖北省,11177,300,350,2020-02-03 21:32:30,仙桃,169.0,0.0,3.0
152,湖北省,11177,300,350,2020-02-03 21:32:30,十堰,256.0,2.0,0.0
153,湖北省,11177,300,350,2020-02-03 21:32:30,咸宁,296.0,1.0,0.0
154,湖北省,11177,300,350,2020-02-03 21:32:30,鄂州,306.0,2.0,15.0
155,湖北省,11177,300,350,2020-02-03 21:32:30,黄石,334.0,8.0,2.0
156,湖北省,11177,300,350,2020-02-03 21:32:30,荆门,345.0,6.0,11.0
157,湖北省,11177,300,350,2020-02-03 21:32:30,宜昌,392.0,2.0,1.0
158,湖北省,11177,300,350,2020-02-03 21:32:30,随州,458.0,3.0,5.0
159,湖北省,11177,300,350,2020-02-03 21:32:30,荆州,499.0,6.0,6.0
160,湖北省,11177,300,350,2020-02-03 21:32:30,襄阳,548.0,1.0,0.0
161,湖北省,11177,300,350,2020-02-03 21:32:30,孝感,918.0,2.0,14.0
162,湖北省,11177,300,350,2020-02-03 21:32:30,黄冈,1246.0,32.0,17.0
163,湖北省,11177,300,350,2020-02-03 21:32:30,武汉,5142.0,228.0,265.0
164,湖北省,13522,397,414,2020-02-04 17:34:45,神农架林区,10.0,2.0,0.0
165,湖北省,13522,397,414,2020-02-04 17:34:45,潜江,44.0,0.0,1.0
166,湖北省,13522,397,414,2020-02-04 17:34:45,天门,117.0,0.0,10.0
167,湖北省,13522,397,414,2020-02-04 17:34:45,恩施州,123.0,5.0,0.0
168,湖北省,13522,397,414,2020-02-04 17:34:45,仙桃,188.0,0.0,3.0
169,湖北省,13522,397,414,2020-02-04 17:34:45,十堰,291.0,6.0,0.0
170,湖北省,13522,397,414,2020-02-04 17:34:45,鄂州,332.0,4.0,18.0
171,湖北省,13522,397,414,2020-02-04 17:34:45,咸宁,348.0,1.0,0.0
172,湖北省,13522,397,414,2020-02-04 17:34:45,荆门,400.0,6.0,14.0
173,湖北省,13522,397,414,2020-02-04 17:34:45,黄石,405.0,9.0,2.0
174,湖北省,13522,397,414,2020-02-04 17:34:45,宜昌,452.0,2.0,3.0
175,湖北省,13522,397,414,2020-02-04 17:34:45,荆州,613.0,7.0,7.0
176,湖北省,13522,397,414,2020-02-04 17:34:45,襄阳,632.0,1.0,1.0
177,湖北省,13522,397,414,2020-02-04 17:34:45,随州,641.0,3.0,6.0
178,湖北省,13522,397,414,2020-02-04 17:34:45,孝感,1120.0,4.0,17.0
179,湖北省,13522,397,414,2020-02-04 17:34:45,黄冈,1422.0,41.0,19.0
180,湖北省,13522,397,414,2020-02-04 17:34:45,武汉,6384.0,306.0,313.0
181,湖北省,16678,536,479,2020-02-05 23:52:29,神农架林区,10.0,2.0,0.0
182,湖北省,16678,536,479,2020-02-05 23:52:29,潜江,54.0,0.0,1.0
183,湖北省,16678,536,479,2020-02-05 23:52:29,天门,128.0,0.0,10.0
184,湖北省,16678,536,479,2020-02-05 23:52:29,恩施州,138.0,10.0,0.0
185,湖北省,16678,536,479,2020-02-05 23:52:29,仙桃,225.0,0.0,4.0
186,湖北省,16678,536,479,2020-02-05 23:52:29,十堰,318.0,9.0,0.0
187,湖北省,16678,536,479,2020-02-05 23:52:29,鄂州,382.0,6.0,18.0
188,湖北省,16678,536,479,2020-02-05 23:52:29,咸宁,384.0,2.0,0.0
189,湖北省,16678,536,479,2020-02-05 23:52:29,荆门,422.0,16.0,16.0
190,湖北省,16678,536,479,2020-02-05 23:52:29,宜昌,496.0,9.0,4.0
191,湖北省,16678,536,479,2020-02-05 23:52:29,黄石,509.0,23.0,2.0
192,湖北省,16678,536,479,2020-02-05 23:52:29,随州,706.0,9.0,8.0
193,湖北省,16678,536,479,2020-02-05 23:52:29,荆州,713.0,12.0,9.0
194,湖北省,16678,536,479,2020-02-05 23:52:29,襄阳,735.0,7.0,2.0
195,湖北省,16678,536,479,2020-02-05 23:52:29,孝感,1462.0,6.0,18.0
196,湖北省,16678,536,479,2020-02-05 23:52:29,黄冈,1645.0,52.0,25.0
197,湖北省,16678,536,479,2020-02-05 23:52:29,武汉,8351.0,374.0,362.0
198,湖北省,19665,712,549,2020-02-06 20:28:31,神农架林区,10.0,2.0,0.0
199,湖北省,19665,712,549,2020-02-06 20:28:31,潜江,64.0,0.0,1.0
200,湖北省,19665,712,549,2020-02-06 20:28:31,天门,138.0,1.0,10.0
201,湖北省,19665,712,549,2020-02-06 20:28:31,恩施州,144.0,10.0,0.0
202,湖北省,19665,712,549,2020-02-06 20:28:31,仙桃,265.0,11.0,5.0
203,湖北省,19665,712,549,2020-02-06 20:28:31,十堰,353.0,20.0,0.0
204,湖北省,19665,712,549,2020-02-06 20:28:31,咸宁,399.0,5.0,1.0
205,湖北省,19665,712,549,2020-02-06 20:28:31,鄂州,423.0,8.0,18.0
206,湖北省,19665,712,549,2020-02-06 20:28:31,荆门,508.0,21.0,17.0
207,湖北省,19665,712,549,2020-02-06 20:28:31,宜昌,563.0,9.0,6.0
208,湖北省,19665,712,549,2020-02-06 20:28:31,黄石,566.0,25.0,2.0
209,湖北省,19665,712,549,2020-02-06 20:28:31,襄阳,787.0,25.0,2.0
210,湖北省,19665,712,549,2020-02-06 20:28:31,荆州,801.0,19.0,10.0
211,湖北省,19665,712,549,2020-02-06 20:28:31,随州,834.0,9.0,9.0
212,湖北省,19665,712,549,2020-02-06 20:28:31,黄冈,1807.0,62.0,29.0
213,湖北省,19665,712,549,2020-02-06 20:28:31,孝感,1886.0,30.0,25.0
214,湖北省,19665,712,549,2020-02-06 20:28:31,武汉,10117.0,455.0,414.0
215,湖北省,22112,867,618,2020-02-07 22:01:50,神农架林区,10.0,2.0,0.0
216,湖北省,22112,867,618,2020-02-07 22:01:50,潜江,74.0,0.0,1.0
217,湖北省,22112,867,618,2020-02-07 22:01:50,恩施州,157.0,13.0,0.0
218,湖北省,22112,867,618,2020-02-07 22:01:50,天门,163.0,1.0,10.0
219,湖北省,22112,867,618,2020-02-07 22:01:50,仙桃,307.0,11.0,5.0
220,湖北省,22112,867,618,2020-02-07 22:01:50,十堰,395.0,28.0,0.0
221,湖北省,22112,867,618,2020-02-07 22:01:50,咸宁,443.0,8.0,1.0
222,湖北省,22112,867,618,2020-02-07 22:01:50,鄂州,471.0,9.0,18.0
223,湖北省,22112,867,618,2020-02-07 22:01:50,荆门,553.0,24.0,17.0
224,湖北省,22112,867,618,2020-02-07 22:01:50,宜昌,610.0,15.0,7.0
225,湖北省,22112,867,618,2020-02-07 22:01:50,黄石,635.0,40.0,2.0
226,湖北省,22112,867,618,2020-02-07 22:01:50,襄阳,838.0,30.0,3.0
227,湖北省,22112,867,618,2020-02-07 22:01:50,荆州,885.0,24.0,10.0
228,湖北省,22112,867,618,2020-02-07 22:01:50,随州,915.0,9.0,9.0
229,湖北省,22112,867,618,2020-02-07 22:01:50,黄冈,1897.0,81.0,32.0
230,湖北省,22112,867,618,2020-02-07 22:01:50,孝感,2141.0,30.0,25.0
231,湖北省,22112,867,618,2020-02-07 22:01:50,武汉,11618.0,542.0,478.0
232,湖北省,24953,1218,699,2020-02-08 22:02:50,神农架林区,10.0,2.0,0.0
233,湖北省,24953,1218,699,2020-02-08 22:02:50,潜江,80.0,1.0,2.0
234,湖北省,24953,1218,699,2020-02-08 22:02:50,恩施州,160.0,20.0,0.0
235,湖北省,24953,1218,699,2020-02-08 22:02:50,天门,179.0,1.0,10.0
236,湖北省,24953,1218,699,2020-02-08 22:02:50,仙桃,359.0,14.0,5.0
237,湖北省,24953,1218,699,2020-02-08 22:02:50,十堰,438.0,40.0,0.0
238,湖北省,24953,1218,699,2020-02-08 22:02:50,咸宁,476.0,16.0,2.0
239,湖北省,24953,1218,699,2020-02-08 22:02:50,鄂州,569.0,33.0,20.0
240,湖北省,24953,1218,699,2020-02-08 22:02:50,荆门,588.0,36.0,18.0
241,湖北省,24953,1218,699,2020-02-08 22:02:50,宜昌,633.0,25.0,8.0
242,湖北省,24953,1218,699,2020-02-08 22:02:50,黄石,703.0,48.0,2.0
243,湖北省,24953,1218,699,2020-02-08 22:02:50,襄阳,907.0,34.0,5.0
244,湖北省,24953,1218,699,2020-02-08 22:02:50,荆州,941.0,31.0,11.0
245,湖北省,24953,1218,699,2020-02-08 22:02:50,随州,953.0,23.0,9.0
246,湖北省,24953,1218,699,2020-02-08 22:02:50,黄冈,2041.0,105.0,36.0
247,湖北省,24953,1218,699,2020-02-08 22:02:50,孝感,2313.0,42.0,26.0
248,湖北省,24953,1218,699,2020-02-08 22:02:50,武汉,13603.0,747.0,545.0
249,湖北省,27100,1480,780,2020-02-09 19:09:33,神农架林区,10.0,6.0,0.0
250,湖北省,27100,1480,780,2020-02-09 19:09:33,潜江,82.0,2.0,2.0
251,湖北省,27100,1480,780,2020-02-09 19:09:33,恩施州,171.0,23.0,0.0
252,湖北省,27100,1480,780,2020-02-09 19:09:33,天门,197.0,10.0,10.0
253,湖北省,27100,1480,780,2020-02-09 19:09:33,仙桃,379.0,16.0,5.0
254,湖北省,27100,1480,780,2020-02-09 19:09:33,十堰,467.0,40.0,0.0
255,湖北省,27100,1480,780,2020-02-09 19:09:33,咸宁,493.0,23.0,4.0
256,湖北省,27100,1480,780,2020-02-09 19:09:33,鄂州,639.0,42.0,21.0
257,湖北省,27100,1480,780,2020-02-09 19:09:33,荆门,663.0,48.0,19.0
258,湖北省,27100,1480,780,2020-02-09 19:09:33,宜昌,711.0,36.0,8.0
259,湖北省,27100,1480,780,2020-02-09 19:09:33,黄石,760.0,61.0,2.0
260,湖北省,27100,1480,780,2020-02-09 19:09:33,随州,984.0,23.0,9.0
261,湖北省,27100,1480,780,2020-02-09 19:09:33,襄阳,988.0,40.0,7.0
262,湖北省,27100,1480,780,2020-02-09 19:09:33,荆州,997.0,42.0,13.0
263,湖北省,27100,1480,780,2020-02-09 19:09:33,黄冈,2141.0,137.0,43.0
264,湖北省,27100,1480,780,2020-02-09 19:09:33,孝感,2436.0,53.0,29.0
265,湖北省,27100,1480,780,2020-02-09 19:09:33,武汉,14982.0,878.0,608.0
266,湖北省,29631,1854,871,2020-02-10 21:30:02,神农架林区,10.0,6.0,0.0
267,湖北省,29631,1854,871,2020-02-10 21:30:02,潜江,85.0,3.0,2.0
268,湖北省,29631,1854,871,2020-02-10 21:30:02,恩施州,187.0,30.0,0.0
269,湖北省,29631,1854,871,2020-02-10 21:30:02,天门,217.0,10.0,10.0
270,湖北省,29631,1854,871,2020-02-10 21:30:02,仙桃,416.0,41.0,7.0
271,湖北省,29631,1854,871,2020-02-10 21:30:02,十堰,481.0,46.0,0.0
272,湖北省,29631,1854,871,2020-02-10 21:30:02,咸宁,507.0,44.0,4.0
273,湖北省,29631,1854,871,2020-02-10 21:30:02,荆门,641.0,63.0,20.0
274,湖北省,29631,1854,871,2020-02-10 21:30:02,鄂州,725.0,48.0,24.0
275,湖北省,29631,1854,871,2020-02-10 21:30:02,宜昌,749.0,43.0,8.0
276,湖北省,29631,1854,871,2020-02-10 21:30:02,黄石,805.0,67.0,3.0
277,湖北省,29631,1854,871,2020-02-10 21:30:02,襄阳,1019.0,42.0,9.0
278,湖北省,29631,1854,871,2020-02-10 21:30:02,荆州,1045.0,46.0,15.0
279,湖北省,29631,1854,871,2020-02-10 21:30:02,随州,1049.0,23.0,10.0
280,湖北省,29631,1854,871,2020-02-10 21:30:02,黄冈,2252.0,215.0,45.0
281,湖北省,29631,1854,871,2020-02-10 21:30:02,孝感,2541.0,81.0,33.0
282,湖北省,29631,1854,871,2020-02-10 21:30:02,武汉,16902.0,1046.0,681.0
283,湖北省,31728,2310,974,2020-02-11 21:55:20,神农架林区,10.0,6.0,0.0
284,湖北省,31728,2310,974,2020-02-11 21:55:20,潜江,90.0,3.0,3.0
285,湖北省,31728,2310,974,2020-02-11 21:55:20,恩施州,195.0,33.0,2.0
286,湖北省,31728,2310,974,2020-02-11 21:55:20,天门,261.0,12.0,10.0
287,湖北省,31728,2310,974,2020-02-11 21:55:20,仙桃,438.0,41.0,11.0
288,湖北省,31728,2310,974,2020-02-11 21:55:20,十堰,505.0,64.0,1.0
289,湖北省,31728,2310,974,2020-02-11 21:55:20,咸宁,515.0,56.0,5.0
290,湖北省,31728,2310,974,2020-02-11 21:55:20,荆门,656.0,69.0,21.0
291,湖北省,31728,2310,974,2020-02-11 21:55:20,宜昌,772.0,52.0,8.0
292,湖北省,31728,2310,974,2020-02-11 21:55:20,鄂州,790.0,61.0,26.0
293,湖北省,31728,2310,974,2020-02-11 21:55:20,黄石,835.0,87.0,5.0
294,湖北省,31728,2310,974,2020-02-11 21:55:20,襄阳,1063.0,54.0,12.0
295,湖北省,31728,2310,974,2020-02-11 21:55:20,荆州,1075.0,61.0,17.0
296,湖北省,31728,2310,974,2020-02-11 21:55:20,随州,1095.0,26.0,12.0
297,湖北省,31728,2310,974,2020-02-11 21:55:20,黄冈,2332.0,303.0,52.0
298,湖北省,31728,2310,974,2020-02-11 21:55:20,孝感,2642.0,140.0,41.0
299,湖北省,31728,2310,974,2020-02-11 21:55:20,武汉,18454.0,1242.0,748.0
300,湖北省,33366,2686,1068,2020-02-12 22:07:03,神农架林区,10.0,7.0,0.0
301,湖北省,33366,2686,1068,2020-02-12 22:07:03,潜江,90.0,8.0,5.0
302,湖北省,33366,2686,1068,2020-02-12 22:07:03,恩施州,203.0,45.0,3.0
303,湖北省,33366,2686,1068,2020-02-12 22:07:03,天门,293.0,12.0,10.0
304,湖北省,33366,2686,1068,2020-02-12 22:07:03,仙桃,460.0,43.0,13.0
305,湖北省,33366,2686,1068,2020-02-12 22:07:03,咸宁,525.0,76.0,6.0
306,湖北省,33366,2686,1068,2020-02-12 22:07:03,十堰,536.0,79.0,1.0
307,湖北省,33366,2686,1068,2020-02-12 22:07:03,荆门,696.0,84.0,24.0
308,湖北省,33366,2686,1068,2020-02-12 22:07:03,宜昌,784.0,62.0,8.0
309,湖北省,33366,2686,1068,2020-02-12 22:07:03,鄂州,861.0,72.0,28.0
310,湖北省,33366,2686,1068,2020-02-12 22:07:03,黄石,874.0,101.0,6.0
311,湖北省,33366,2686,1068,2020-02-12 22:07:03,襄阳,1088.0,60.0,12.0
312,湖北省,33366,2686,1068,2020-02-12 22:07:03,荆州,1110.0,80.0,21.0
313,湖北省,33366,2686,1068,2020-02-12 22:07:03,随州,1129.0,56.0,12.0
314,湖北省,33366,2686,1068,2020-02-12 22:07:03,黄冈,2398.0,342.0,54.0
315,湖北省,33366,2686,1068,2020-02-12 22:07:03,孝感,2751.0,179.0,45.0
316,湖北省,33366,2686,1068,2020-02-12 22:07:03,武汉,19558.0,1380.0,820.0
317,湖北省,48206,3459,1310,2020-02-13 22:12:44,神农架林区,10.0,8.0,0.0
318,湖北省,48206,3459,1310,2020-02-13 22:12:44,潜江,94.0,8.0,5.0
319,湖北省,48206,3459,1310,2020-02-13 22:12:44,恩施州,229.0,48.0,4.0
320,湖北省,48206,3459,1310,2020-02-13 22:12:44,天门,362.0,13.0,10.0
321,湖北省,48206,3459,1310,2020-02-13 22:12:44,仙桃,480.0,48.0,16.0
322,湖北省,48206,3459,1310,2020-02-13 22:12:44,咸宁,534.0,85.0,7.0
323,湖北省,48206,3459,1310,2020-02-13 22:12:44,十堰,562.0,81.0,1.0
324,湖北省,48206,3459,1310,2020-02-13 22:12:44,宜昌,810.0,72.0,11.0
325,湖北省,48206,3459,1310,2020-02-13 22:12:44,黄石,911.0,115.0,9.0
326,湖北省,48206,3459,1310,2020-02-13 22:12:44,荆门,927.0,93.0,24.0
327,湖北省,48206,3459,1310,2020-02-13 22:12:44,鄂州,1065.0,97.0,30.0
328,湖北省,48206,3459,1310,2020-02-13 22:12:44,襄阳,1101.0,66.0,13.0
329,湖北省,48206,3459,1310,2020-02-13 22:12:44,随州,1160.0,62.0,14.0
330,湖北省,48206,3459,1310,2020-02-13 22:12:44,荆州,1431.0,104.0,23.0
331,湖北省,48206,3459,1310,2020-02-13 22:12:44,黄冈,2662.0,427.0,58.0
332,湖北省,48206,3459,1310,2020-02-13 22:12:44,孝感,2874.0,209.0,49.0
333,湖北省,48206,3459,1310,2020-02-13 22:12:44,武汉,32994.0,1923.0,1036.0
334,湖北省,51986,3900,1318,2020-02-14 17:53:26,神农架林区,10.0,8.0,0.0
335,湖北省,51986,3900,1318,2020-02-14 17:53:26,潜江,104.0,11.0,5.0
336,湖北省,51986,3900,1318,2020-02-14 17:53:26,恩施州,237.0,60.0,4.0
337,湖北省,51986,3900,1318,2020-02-14 17:53:26,天门,416.0,21.0,10.0
338,湖北省,51986,3900,1318,2020-02-14 17:53:26,仙桃,500.0,58.0,17.0
339,湖北省,51986,3900,1318,2020-02-14 17:53:26,十堰,586.0,89.0,2.0
340,湖北省,51986,3900,1318,2020-02-14 17:53:26,咸宁,732.0,99.0,8.0
341,湖北省,51986,3900,1318,2020-02-14 17:53:26,荆门,901.0,105.0,25.0
342,湖北省,51986,3900,1318,2020-02-14 17:53:26,宜昌,877.0,82.0,13.0
343,湖北省,51986,3900,1318,2020-02-14 17:53:26,黄石,943.0,137.0,11.0
344,湖北省,51986,3900,1318,2020-02-14 17:53:26,鄂州,1125.0,116.0,32.0
345,湖北省,51986,3900,1318,2020-02-14 17:53:26,襄阳,1111.0,73.0,16.0
346,湖北省,51986,3900,1318,2020-02-14 17:53:26,随州,1206.0,72.0,16.0
347,湖北省,51986,3900,1318,2020-02-14 17:53:26,荆州,1447.0,163.0,27.0
348,湖北省,51986,3900,1318,2020-02-14 17:53:26,黄冈,2791.0,528.0,59.0
349,湖北省,51986,3900,1318,2020-02-14 17:53:26,孝感,3009.0,255.0,57.0
350,湖北省,51986,3900,1318,2020-02-14 17:53:26,武汉,35991.0,2023.0,1016.0
351,湖北省,54406,4821,1457,2020-02-15 22:51:06,神农架林区,10.0,8.0,0.0
352,湖北省,54406,4821,1457,2020-02-15 22:51:06,潜江,116.0,12.0,5.0
353,湖北省,54406,4821,1457,2020-02-15 22:51:06,恩施州,244.0,75.0,4.0
354,湖北省,54406,4821,1457,2020-02-15 22:51:06,天门,422.0,21.0,10.0
355,湖北省,54406,4821,1457,2020-02-15 22:51:06,仙桃,514.0,63.0,17.0
356,湖北省,54406,4821,1457,2020-02-15 22:51:06,十堰,597.0,101.0,2.0
357,湖北省,54406,4821,1457,2020-02-15 22:51:06,咸宁,840.0,127.0,8.0
358,湖北省,54406,4821,1457,2020-02-15 22:51:06,荆门,902.0,112.0,28.0
359,湖北省,54406,4821,1457,2020-02-15 22:51:06,黄石,980.0,178.0,13.0
360,湖北省,54406,4821,1457,2020-02-15 22:51:06,宜昌,906.0,92.0,15.0
361,湖北省,54406,4821,1457,2020-02-15 22:51:06,鄂州,1192.0,199.0,33.0
362,湖北省,54406,4821,1457,2020-02-15 22:51:06,襄阳,1128.0,85.0,18.0
363,湖北省,54406,4821,1457,2020-02-15 22:51:06,随州,1232.0,96.0,19.0
364,湖北省,54406,4821,1457,2020-02-15 22:51:06,荆州,1478.0,193.0,32.0
365,湖北省,54406,4821,1457,2020-02-15 22:51:06,黄冈,2817.0,611.0,68.0
366,湖北省,54406,4821,1457,2020-02-15 22:51:06,孝感,3114.0,313.0,62.0
367,湖北省,54406,4821,1457,2020-02-15 22:51:06,武汉,37914.0,2535.0,1123.0
368,湖北省,56249,5666,1596,2020-02-16 19:56:23,神农架林区,10.0,8.0,0.0
369,湖北省,56249,5666,1596,2020-02-16 19:56:23,潜江,166.0,12.0,6.0
370,湖北省,56249,5666,1596,2020-02-16 19:56:23,恩施州,247.0,76.0,4.0
371,湖北省,56249,5666,1596,2020-02-16 19:56:23,天门,447.0,27.0,10.0
372,湖北省,56249,5666,1596,2020-02-16 19:56:23,仙桃,523.0,87.0,17.0
373,湖北省,56249,5666,1596,2020-02-16 19:56:23,十堰,602.0,116.0,2.0
374,湖北省,56249,5666,1596,2020-02-16 19:56:23,咸宁,852.0,152.0,8.0
375,湖北省,56249,5666,1596,2020-02-16 19:56:23,宜昌,901.0,140.0,21.0
376,湖北省,56249,5666,1596,2020-02-16 19:56:23,荆门,909.0,117.0,30.0
377,湖北省,56249,5666,1596,2020-02-16 19:56:23,黄石,988.0,198.0,14.0
378,湖北省,56249,5666,1596,2020-02-16 19:56:23,鄂州,1230.0,222.0,34.0
379,湖北省,56249,5666,1596,2020-02-16 19:56:23,襄阳,1144.0,114.0,19.0
380,湖北省,56249,5666,1596,2020-02-16 19:56:23,随州,1254.0,113.0,22.0
381,湖北省,56249,5666,1596,2020-02-16 19:56:23,荆州,1490.0,263.0,36.0
382,湖北省,56249,5666,1596,2020-02-16 19:56:23,黄冈,2823.0,716.0,75.0
383,湖北省,56249,5666,1596,2020-02-16 19:56:23,孝感,3201.0,380.0,65.0
384,湖北省,56249,5666,1596,2020-02-16 19:56:23,武汉,39462.0,2925.0,1233.0
385,湖北省,58182,6693,1696,2020-02-17 20:22:59,神农架林区,10.0,10.0,0.0
386,湖北省,58182,6693,1696,2020-02-17 20:22:59,潜江,182.0,18.0,6.0
387,湖北省,58182,6693,1696,2020-02-17 20:22:59,恩施州,249.0,82.0,4.0
388,湖北省,58182,6693,1696,2020-02-17 20:22:59,仙桃,531.0,107.0,19.0
389,湖北省,58182,6693,1696,2020-02-17 20:22:59,天门,485.0,39.0,10.0
390,湖北省,58182,6693,1696,2020-02-17 20:22:59,十堰,612.0,126.0,2.0
391,湖北省,58182,6693,1696,2020-02-17 20:22:59,咸宁,861.0,181.0,10.0
392,湖北省,58182,6693,1696,2020-02-17 20:22:59,宜昌,895.0,156.0,24.0
393,湖北省,58182,6693,1696,2020-02-17 20:22:59,荆门,915.0,132.0,33.0
394,湖北省,58182,6693,1696,2020-02-17 20:22:59,黄石,983.0,207.0,15.0
395,湖北省,58182,6693,1696,2020-02-17 20:22:59,襄阳,1155.0,151.0,20.0
396,湖北省,58182,6693,1696,2020-02-17 20:22:59,鄂州,1274.0,244.0,35.0
397,湖北省,58182,6693,1696,2020-02-17 20:22:59,随州,1267.0,140.0,24.0
398,湖北省,58182,6693,1696,2020-02-17 20:22:59,荆州,1501.0,305.0,37.0
399,湖北省,58182,6693,1696,2020-02-17 20:22:59,黄冈,2831.0,839.0,78.0
400,湖北省,58182,6693,1696,2020-02-17 20:22:59,孝感,3279.0,449.0,70.0
401,湖北省,58182,6693,1696,2020-02-17 20:22:59,武汉,41152.0,3507.0,1309.0
402,湖北省,59989,7943,1789,2020-02-18 19:02:17,神农架林区,10.0,10.0,0.0
403,湖北省,59989,7943,1789,2020-02-18 19:02:17,潜江,185.0,27.0,6.0
404,湖北省,59989,7943,1789,2020-02-18 19:02:17,恩施州,250.0,90.0,4.0
405,湖北省,59989,7943,1789,2020-02-18 19:02:17,仙桃,544.0,121.0,19.0
406,湖北省,59989,7943,1789,2020-02-18 19:02:17,天门,500.0,55.0,11.0
407,湖北省,59989,7943,1789,2020-02-18 19:02:17,十堰,626.0,144.0,2.0
408,湖北省,59989,7943,1789,2020-02-18 19:02:17,咸宁,868.0,206.0,10.0
409,湖北省,59989,7943,1789,2020-02-18 19:02:17,宜昌,904.0,186.0,24.0
410,湖北省,59989,7943,1789,2020-02-18 19:02:17,黄石,985.0,254.0,20.0
411,湖北省,59989,7943,1789,2020-02-18 19:02:17,荆门,900.0,143.0,33.0
412,湖北省,59989,7943,1789,2020-02-18 19:02:17,襄阳,1163.0,182.0,21.0
413,湖北省,59989,7943,1789,2020-02-18 19:02:17,鄂州,1339.0,271.0,36.0
414,湖北省,59989,7943,1789,2020-02-18 19:02:17,随州,1278.0,198.0,25.0
415,湖北省,59989,7943,1789,2020-02-18 19:02:17,荆州,1537.0,339.0,38.0
416,湖北省,59989,7943,1789,2020-02-18 19:02:17,黄冈,2828.0,941.0,84.0
417,湖北省,59989,7943,1789,2020-02-18 19:02:17,孝感,3320.0,523.0,75.0
418,湖北省,59989,7943,1789,2020-02-18 19:02:17,武汉,42752.0,4253.0,1381.0
419,湖北省,61682,9336,1921,2020-02-19 21:47:42,神农架林区,10.0,10.0,0.0
420,湖北省,61682,9336,1921,2020-02-19 21:47:42,潜江,185.0,40.0,6.0
421,湖北省,61682,9336,1921,2020-02-19 21:47:42,恩施州,249.0,96.0,3.0
422,湖北省,61682,9336,1921,2020-02-19 21:47:42,仙桃,562.0,149.0,19.0
423,湖北省,61682,9336,1921,2020-02-19 21:47:42,天门,486.0,73.0,11.0
424,湖北省,61682,9336,1921,2020-02-19 21:47:42,十堰,638.0,164.0,2.0
425,湖北省,61682,9336,1921,2020-02-19 21:47:42,咸宁,832.0,228.0,10.0
426,湖北省,61682,9336,1921,2020-02-19 21:47:42,宜昌,907.0,208.0,25.0
427,湖北省,61682,9336,1921,2020-02-19 21:47:42,黄石,983.0,284.0,25.0
428,湖北省,61682,9336,1921,2020-02-19 21:47:42,荆门,901.0,181.0,33.0
429,湖北省,61682,9336,1921,2020-02-19 21:47:42,襄阳,1165.0,230.0,22.0
430,湖北省,61682,9336,1921,2020-02-19 21:47:42,随州,1280.0,254.0,26.0
431,湖北省,61682,9336,1921,2020-02-19 21:47:42,鄂州,1343.0,301.0,37.0
432,湖北省,61682,9336,1921,2020-02-19 21:47:42,荆州,1541.0,426.0,38.0
433,湖北省,61682,9336,1921,2020-02-19 21:47:42,黄冈,2844.0,1068.0,85.0
434,湖北省,61682,9336,1921,2020-02-19 21:47:42,孝感,3344.0,572.0,82.0
435,湖北省,61682,9336,1921,2020-02-19 21:47:42,武汉,44412.0,5040.0,1497.0
436,湖北省,62031,10521,2029,2020-02-20 22:08:31,神农架林区,10.0,10.0,0.0
437,湖北省,62031,10521,2029,2020-02-20 22:08:31,潜江,185.0,49.0,7.0
438,湖北省,62031,10521,2029,2020-02-20 22:08:31,恩施州,244.0,102.0,3.0
439,湖北省,62031,10521,2029,2020-02-20 22:08:31,天门,473.0,133.0,12.0
440,湖北省,62031,10521,2029,2020-02-20 22:08:31,仙桃,567.0,184.0,19.0
441,湖北省,62031,10521,2029,2020-02-20 22:08:31,十堰,641.0,187.0,2.0
442,湖北省,62031,10521,2029,2020-02-20 22:08:31,咸宁,766.0,268.0,10.0
443,湖北省,62031,10521,2029,2020-02-20 22:08:31,荆门,794.0,201.0,34.0
444,湖北省,62031,10521,2029,2020-02-20 22:08:31,黄石,967.0,331.0,26.0
445,湖北省,62031,10521,2029,2020-02-20 22:08:31,宜昌,891.0,231.0,27.0
446,湖北省,62031,10521,2029,2020-02-20 22:08:31,襄阳,1167.0,294.0,23.0
447,湖北省,62031,10521,2029,2020-02-20 22:08:31,随州,1283.0,309.0,27.0
448,湖北省,62031,10521,2029,2020-02-20 22:08:31,鄂州,1338.0,350.0,38.0
449,湖北省,62031,10521,2029,2020-02-20 22:08:31,荆州,1510.0,451.0,40.0
450,湖北省,62031,10521,2029,2020-02-20 22:08:31,黄冈,2839.0,1149.0,87.0
451,湖北省,62031,10521,2029,2020-02-20 22:08:31,孝感,3329.0,674.0,89.0
452,湖北省,62031,10521,2029,2020-02-20 22:08:31,武汉,45027.0,5598.0,1585.0
453,湖北省,62662,11881,2144,2020-02-21 20:57:17,潜江,188.0,57.0,7.0
454,湖北省,62662,11881,2144,2020-02-21 20:57:17,恩施州,245.0,112.0,3.0
455,湖北省,62662,11881,2144,2020-02-21 20:57:17,监狱系统,220.0,0.0,0.0
456,湖北省,62662,11881,2144,2020-02-21 20:57:17,天门,477.0,165.0,12.0
457,湖北省,62662,11881,2144,2020-02-21 20:57:17,仙桃,568.0,210.0,19.0
458,湖北省,62662,11881,2144,2020-02-21 20:57:17,十堰,654.0,212.0,2.0
459,湖北省,62662,11881,2144,2020-02-21 20:57:17,咸宁,766.0,314.0,10.0
460,湖北省,62662,11881,2144,2020-02-21 20:57:17,荆门,800.0,229.0,37.0
461,湖北省,62662,11881,2144,2020-02-21 20:57:17,黄石,974.0,361.0,27.0
462,湖北省,62662,11881,2144,2020-02-21 20:57:17,宜昌,895.0,250.0,28.0
463,湖北省,62662,11881,2144,2020-02-21 20:57:17,襄阳,1170.0,343.0,24.0
464,湖北省,62662,11881,2144,2020-02-21 20:57:17,随州,1287.0,386.0,28.0
465,湖北省,62662,11881,2144,2020-02-21 20:57:17,鄂州,1343.0,375.0,39.0
466,湖北省,62662,11881,2144,2020-02-21 20:57:17,荆州,1517.0,531.0,40.0
467,湖北省,62662,11881,2144,2020-02-21 20:57:17,黄冈,2856.0,1274.0,90.0
468,湖北省,62662,11881,2144,2020-02-21 20:57:17,孝感,3346.0,771.0,94.0
469,湖北省,62662,11881,2144,2020-02-21 20:57:17,武汉,45346.0,6281.0,1684.0
470,湖北省,63454,13690,2250,2020-02-22 20:55:28,潜江,189.0,67.0,8.0
471,湖北省,63454,13690,2250,2020-02-22 20:55:28,恩施州,251.0,117.0,3.0
472,湖北省,63454,13690,2250,2020-02-22 20:55:28,监狱系统,221.0,3.0,0.0
473,湖北省,63454,13690,2250,2020-02-22 20:55:28,天门,493.0,198.0,12.0
474,湖北省,63454,13690,2250,2020-02-22 20:55:28,仙桃,571.0,231.0,19.0
475,湖北省,63454,13690,2250,2020-02-22 20:55:28,十堰,659.0,239.0,2.0
476,湖北省,63454,13690,2250,2020-02-22 20:55:28,咸宁,836.0,363.0,11.0
477,湖北省,63454,13690,2250,2020-02-22 20:55:28,黄石,997.0,433.0,28.0
478,湖北省,63454,13690,2250,2020-02-22 20:55:28,荆门,914.0,296.0,37.0
479,湖北省,63454,13690,2250,2020-02-22 20:55:28,宜昌,914.0,273.0,29.0
480,湖北省,63454,13690,2250,2020-02-22 20:55:28,襄阳,1173.0,402.0,26.0
481,湖北省,63454,13690,2250,2020-02-22 20:55:28,随州,1296.0,443.0,29.0
482,湖北省,63454,13690,2250,2020-02-22 20:55:28,荆州,1566.0,612.0,40.0
483,湖北省,63454,13690,2250,2020-02-22 20:55:28,鄂州,1375.0,386.0,39.0
484,湖北省,63454,13690,2250,2020-02-22 20:55:28,黄冈,2899.0,1408.0,95.0
485,湖北省,63454,13690,2250,2020-02-22 20:55:28,孝感,3429.0,917.0,98.0
486,湖北省,63454,13690,2250,2020-02-22 20:55:28,武汉,45660.0,7292.0,1774.0
487,湖北省,64084,15343,2346,2020-02-23 20:06:03,潜江,191.0,78.0,8.0
488,湖北省,64084,15343,2346,2020-02-23 20:06:03,恩施州,251.0,123.0,3.0
489,湖北省,64084,15343,2346,2020-02-23 20:06:03,天门,494.0,232.0,13.0
490,湖北省,64084,15343,2346,2020-02-23 20:06:03,监狱系统,253.0,3.0,0.0
491,湖北省,64084,15343,2346,2020-02-23 20:06:03,仙桃,571.0,248.0,19.0
492,湖北省,64084,15343,2346,2020-02-23 20:06:03,十堰,667.0,267.0,2.0
493,湖北省,64084,15343,2346,2020-02-23 20:06:03,咸宁,836.0,398.0,11.0
494,湖北省,64084,15343,2346,2020-02-23 20:06:03,黄石,1001.0,468.0,29.0
495,湖北省,64084,15343,2346,2020-02-23 20:06:03,荆门,918.0,361.0,37.0
496,湖北省,64084,15343,2346,2020-02-23 20:06:03,宜昌,917.0,289.0,29.0
497,湖北省,64084,15343,2346,2020-02-23 20:06:03,襄阳,1173.0,463.0,28.0
498,湖北省,64084,15343,2346,2020-02-23 20:06:03,随州,1300.0,498.0,30.0
499,湖北省,64084,15343,2346,2020-02-23 20:06:03,荆州,1574.0,681.0,41.0
500,湖北省,64084,15343,2346,2020-02-23 20:06:03,鄂州,1379.0,417.0,40.0
501,湖北省,64084,15343,2346,2020-02-23 20:06:03,黄冈,2904.0,1540.0,98.0
502,湖北省,64084,15343,2346,2020-02-23 20:06:03,孝感,3443.0,1078.0,102.0
503,湖北省,64084,15343,2346,2020-02-23 20:06:03,武汉,46201.0,8189.0,1856.0
504,湖北省,64287,16748,2495,2020-02-24 19:12:21,神农架林区,11.0,10.0,0.0
505,湖北省,64287,16748,2495,2020-02-24 19:12:21,恩施州,251.0,146.0,4.0
506,湖北省,64287,16748,2495,2020-02-24 19:12:21,潜江,194.0,82.0,8.0
507,湖北省,64287,16748,2495,2020-02-24 19:12:21,天门,494.0,258.0,13.0
508,湖北省,64287,16748,2495,2020-02-24 19:12:21,仙桃,573.0,268.0,19.0
509,湖北省,64287,16748,2495,2020-02-24 19:12:21,十堰,669.0,293.0,2.0
510,湖北省,64287,16748,2495,2020-02-24 19:12:21,咸宁,836.0,445.0,11.0
511,湖北省,64287,16748,2495,2020-02-24 19:12:21,黄石,1005.0,491.0,30.0
512,湖北省,64287,16748,2495,2020-02-24 19:12:21,荆门,920.0,389.0,37.0
513,湖北省,64287,16748,2495,2020-02-24 19:12:21,宜昌,924.0,304.0,29.0
514,湖北省,64287,16748,2495,2020-02-24 19:12:21,襄阳,1174.0,521.0,29.0
515,湖北省,64287,16748,2495,2020-02-24 19:12:21,随州,1303.0,551.0,33.0
516,湖北省,64287,16748,2495,2020-02-24 19:12:21,荆州,1574.0,734.0,42.0
517,湖北省,64287,16748,2495,2020-02-24 19:12:21,鄂州,1383.0,470.0,40.0
518,湖北省,64287,16748,2495,2020-02-24 19:12:21,黄冈,2904.0,1659.0,103.0
519,湖北省,64287,16748,2495,2020-02-24 19:12:21,孝感,3465.0,1177.0,108.0
520,湖北省,64287,16748,2495,2020-02-24 19:12:21,武汉,46607.0,8950.0,1987.0
521,湖北省,64786,18971,2563,2020-02-25 23:14:30,神农架林区,11.0,10.0,0.0
522,湖北省,64786,18971,2563,2020-02-25 23:14:30,潜江,195.0,91.0,8.0
523,湖北省,64786,18971,2563,2020-02-25 23:14:30,恩施州,251.0,151.0,4.0
524,湖北省,64786,18971,2563,2020-02-25 23:14:30,天门,495.0,282.0,13.0
525,湖北省,64786,18971,2563,2020-02-25 23:14:30,仙桃,575.0,316.0,19.0
526,湖北省,64786,18971,2563,2020-02-25 23:14:30,咸宁,836.0,504.0,11.0
527,湖北省,64786,18971,2563,2020-02-25 23:14:30,十堰,671.0,317.0,3.0
528,湖北省,64786,18971,2563,2020-02-25 23:14:30,黄石,1008.0,568.0,31.0
529,湖北省,64786,18971,2563,2020-02-25 23:14:30,荆门,920.0,432.0,37.0
530,湖北省,64786,18971,2563,2020-02-25 23:14:30,宜昌,926.0,347.0,29.0
531,湖北省,64786,18971,2563,2020-02-25 23:14:30,襄阳,1175.0,593.0,30.0
532,湖北省,64786,18971,2563,2020-02-25 23:14:30,随州,1305.0,601.0,36.0
533,湖北省,64786,18971,2563,2020-02-25 23:14:30,荆州,1576.0,781.0,42.0
534,湖北省,64786,18971,2563,2020-02-25 23:14:30,鄂州,1385.0,502.0,41.0
535,湖北省,64786,18971,2563,2020-02-25 23:14:30,黄冈,2904.0,1780.0,106.0
536,湖北省,64786,18971,2563,2020-02-25 23:14:30,孝感,3482.0,1328.0,110.0
537,湖北省,64786,18971,2563,2020-02-25 23:14:30,武汉,47071.0,10368.0,2043.0
538,湖北省,65187,20969,2615,2020-02-26 22:07:00,神农架林区,11.0,10.0,0.0
539,湖北省,65187,20969,2615,2020-02-26 22:07:00,恩施州,251.0,158.0,4.0
540,湖北省,65187,20969,2615,2020-02-26 22:07:00,潜江,196.0,94.0,9.0
541,湖北省,65187,20969,2615,2020-02-26 22:07:00,天门,496.0,286.0,13.0
542,湖北省,65187,20969,2615,2020-02-26 22:07:00,仙桃,575.0,337.0,19.0
543,湖北省,65187,20969,2615,2020-02-26 22:07:00,咸宁,836.0,567.0,11.0
544,湖北省,65187,20969,2615,2020-02-26 22:07:00,十堰,671.0,348.0,3.0
545,湖北省,65187,20969,2615,2020-02-26 22:07:00,黄石,1011.0,602.0,32.0
546,湖北省,65187,20969,2615,2020-02-26 22:07:00,荆门,922.0,469.0,37.0
547,湖北省,65187,20969,2615,2020-02-26 22:07:00,襄阳,1175.0,653.0,30.0
548,湖北省,65187,20969,2615,2020-02-26 22:07:00,宜昌,927.0,362.0,30.0
549,湖北省,65187,20969,2615,2020-02-26 22:07:00,随州,1306.0,652.0,37.0
550,湖北省,65187,20969,2615,2020-02-26 22:07:00,荆州,1577.0,822.0,44.0
551,湖北省,65187,20969,2615,2020-02-26 22:07:00,鄂州,1387.0,543.0,41.0
552,湖北省,65187,20969,2615,2020-02-26 22:07:00,黄冈,2904.0,1852.0,107.0
553,湖北省,65187,20969,2615,2020-02-26 22:07:00,孝感,3501.0,1388.0,113.0
554,湖北省,65187,20969,2615,2020-02-26 22:07:00,武汉,47441.0,11826.0,2085.0
555,湖北省,65596,23383,2641,2020-02-27 20:07:32,神农架林区,11.0,10.0,0.0
556,湖北省,65596,23383,2641,2020-02-27 20:07:32,恩施州,251.0,164.0,4.0
557,湖北省,65596,23383,2641,2020-02-27 20:07:32,潜江,197.0,97.0,9.0
558,湖北省,65596,23383,2641,2020-02-27 20:07:32,天门,496.0,307.0,13.0
559,湖北省,65596,23383,2641,2020-02-27 20:07:32,仙桃,575.0,356.0,19.0
560,湖北省,65596,23383,2641,2020-02-27 20:07:32,咸宁,836.0,616.0,11.0
561,湖北省,65596,23383,2641,2020-02-27 20:07:32,十堰,671.0,372.0,3.0
562,湖北省,65596,23383,2641,2020-02-27 20:07:32,黄石,1013.0,624.0,33.0
563,湖北省,65596,23383,2641,2020-02-27 20:07:32,荆门,923.0,508.0,37.0
564,湖北省,65596,23383,2641,2020-02-27 20:07:32,襄阳,1175.0,701.0,31.0
565,湖北省,65596,23383,2641,2020-02-27 20:07:32,宜昌,929.0,396.0,30.0
566,湖北省,65596,23383,2641,2020-02-27 20:07:32,随州,1307.0,693.0,37.0
567,湖北省,65596,23383,2641,2020-02-27 20:07:32,荆州,1579.0,877.0,45.0
568,湖北省,65596,23383,2641,2020-02-27 20:07:32,鄂州,1389.0,613.0,42.0
569,湖北省,65596,23383,2641,2020-02-27 20:07:32,黄冈,2904.0,1952.0,110.0
570,湖北省,65596,23383,2641,2020-02-27 20:07:32,孝感,3516.0,1625.0,113.0
571,湖北省,65596,23383,2641,2020-02-27 20:07:32,武汉,47824.0,13472.0,2104.0
572,湖北省,65914,26403,2682,2020-02-28 08:35:31,神农架林区,11.0,10.0,0.0
573,湖北省,65914,26403,2682,2020-02-28 08:35:31,恩施州,251.0,172.0,4.0
574,湖北省,65914,26403,2682,2020-02-28 08:35:31,潜江,198.0,99.0,9.0
575,湖北省,65914,26403,2682,2020-02-28 08:35:31,天门,496.0,332.0,13.0
576,湖北省,65914,26403,2682,2020-02-28 08:35:31,仙桃,575.0,388.0,19.0
577,湖北省,65914,26403,2682,2020-02-28 08:35:31,咸宁,836.0,644.0,11.0
578,湖北省,65914,26403,2682,2020-02-28 08:35:31,十堰,671.0,389.0,6.0
579,湖北省,65914,26403,2682,2020-02-28 08:35:31,黄石,1013.0,653.0,33.0
580,湖北省,65914,26403,2682,2020-02-28 08:35:31,荆门,924.0,534.0,37.0
581,湖北省,65914,26403,2682,2020-02-28 08:35:31,襄阳,1175.0,753.0,32.0
582,湖北省,65914,26403,2682,2020-02-28 08:35:31,宜昌,931.0,429.0,31.0
583,湖北省,65914,26403,2682,2020-02-28 08:35:31,随州,1307.0,740.0,38.0
584,湖北省,65914,26403,2682,2020-02-28 08:35:31,荆州,1579.0,913.0,46.0
585,湖北省,65914,26403,2682,2020-02-28 08:35:31,鄂州,1389.0,685.0,43.0
586,湖北省,65914,26403,2682,2020-02-28 08:35:31,黄冈,2904.0,2041.0,114.0
587,湖北省,65914,26403,2682,2020-02-28 08:35:31,孝感,3517.0,1795.0,114.0
588,湖北省,65914,26403,2682,2020-02-28 08:35:31,武汉,48137.0,15826.0,2132.0
589,湖北省,66337,28993,2727,2020-02-29 20:08:01,神农架林区,11.0,10.0,0.0
590,湖北省,66337,28993,2727,2020-02-29 20:08:01,恩施州,252.0,181.0,4.0
591,湖北省,66337,28993,2727,2020-02-29 20:08:01,潜江,198.0,107.0,9.0
592,湖北省,66337,28993,2727,2020-02-29 20:08:01,天门,496.0,362.0,13.0
593,湖北省,66337,28993,2727,2020-02-29 20:08:01,仙桃,575.0,408.0,19.0
594,湖北省,66337,28993,2727,2020-02-29 20:08:01,咸宁,836.0,677.0,11.0
595,湖北省,66337,28993,2727,2020-02-29 20:08:01,十堰,671.0,421.0,7.0
596,湖北省,66337,28993,2727,2020-02-29 20:08:01,黄石,1013.0,688.0,34.0
597,湖北省,66337,28993,2727,2020-02-29 20:08:01,荆门,924.0,563.0,37.0
598,湖北省,66337,28993,2727,2020-02-29 20:08:01,襄阳,1175.0,802.0,33.0
599,湖北省,66337,28993,2727,2020-02-29 20:08:01,宜昌,931.0,463.0,31.0
600,湖北省,66337,28993,2727,2020-02-29 20:08:01,随州,1307.0,797.0,40.0
601,湖北省,66337,28993,2727,2020-02-29 20:08:01,荆州,1579.0,965.0,46.0
602,湖北省,66337,28993,2727,2020-02-29 20:08:01,鄂州,1390.0,747.0,44.0
603,湖北省,66337,28993,2727,2020-02-29 20:08:01,黄冈,2904.0,2119.0,115.0
604,湖北省,66337,28993,2727,2020-02-29 20:08:01,孝感,3518.0,2047.0,115.0
605,湖北省,66337,28993,2727,2020-02-29 20:08:01,武汉,48557.0,17636.0,2169.0
606,湖北省,66907,31536,2761,2020-03-01 18:06:02,神农架林区,11.0,11.0,0.0
607,湖北省,66907,31536,2761,2020-03-01 18:06:02,恩施州,252.0,192.0,4.0
608,湖北省,66907,31536,2761,2020-03-01 18:06:02,潜江,198.0,119.0,9.0
609,湖北省,66907,31536,2761,2020-03-01 18:06:02,天门,496.0,371.0,13.0
610,湖北省,66907,31536,2761,2020-03-01 18:06:02,仙桃,575.0,438.0,19.0
611,湖北省,66907,31536,2761,2020-03-01 18:06:02,咸宁,836.0,692.0,12.0
612,湖北省,66907,31536,2761,2020-03-01 18:06:02,十堰,672.0,441.0,7.0
613,湖北省,66907,31536,2761,2020-03-01 18:06:02,黄石,1014.0,697.0,34.0
614,湖北省,66907,31536,2761,2020-03-01 18:06:02,荆门,925.0,604.0,37.0
615,湖北省,66907,31536,2761,2020-03-01 18:06:02,襄阳,1175.0,850.0,34.0
616,湖北省,66907,31536,2761,2020-03-01 18:06:02,宜昌,931.0,506.0,31.0
617,湖北省,66907,31536,2761,2020-03-01 18:06:02,随州,1307.0,835.0,40.0
618,湖北省,66907,31536,2761,2020-03-01 18:06:02,荆州,1579.0,1034.0,46.0
619,湖北省,66907,31536,2761,2020-03-01 18:06:02,鄂州,1391.0,784.0,47.0
620,湖北省,66907,31536,2761,2020-03-01 18:06:02,黄冈,2905.0,2171.0,115.0
621,湖北省,66907,31536,2761,2020-03-01 18:06:02,孝感,3518.0,2215.0,118.0
622,湖北省,66907,31536,2761,2020-03-01 18:06:02,武汉,49122.0,19576.0,2195.0
623,湖北省,67103,33934,2803,2020-03-02 23:05:02,神农架林区,11.0,11.0,0.0
624,湖北省,67103,33934,2803,2020-03-02 23:05:02,恩施州,252.0,193.0,4.0
625,湖北省,67103,33934,2803,2020-03-02 23:05:02,潜江,198.0,122.0,9.0
626,湖北省,67103,33934,2803,2020-03-02 23:05:02,天门,496.0,393.0,14.0
627,湖北省,67103,33934,2803,2020-03-02 23:05:02,咸宁,836.0,735.0,12.0
628,湖北省,67103,33934,2803,2020-03-02 23:05:02,仙桃,575.0,461.0,19.0
629,湖北省,67103,33934,2803,2020-03-02 23:05:02,十堰,672.0,459.0,7.0
630,湖北省,67103,33934,2803,2020-03-02 23:05:02,黄石,1014.0,736.0,35.0
631,湖北省,67103,33934,2803,2020-03-02 23:05:02,襄阳,1175.0,885.0,34.0
632,湖北省,67103,33934,2803,2020-03-02 23:05:02,荆门,927.0,622.0,39.0
633,湖北省,67103,33934,2803,2020-03-02 23:05:02,宜昌,931.0,536.0,31.0
634,湖北省,67103,33934,2803,2020-03-02 23:05:02,随州,1307.0,865.0,40.0
635,湖北省,67103,33934,2803,2020-03-02 23:05:02,荆州,1580.0,1096.0,48.0
636,湖北省,67103,33934,2803,2020-03-02 23:05:02,鄂州,1391.0,814.0,48.0
637,湖北省,67103,33934,2803,2020-03-02 23:05:02,黄冈,2905.0,2260.0,116.0
638,湖北省,67103,33934,2803,2020-03-02 23:05:02,孝感,3518.0,2397.0,120.0
639,湖北省,67103,33934,2803,2020-03-02 23:05:02,武汉,49315.0,21349.0,2227.0
640,湖北省,67217,36208,2835,2020-03-03 19:41:02,神农架林区,11.0,11.0,0.0
641,湖北省,67217,36208,2835,2020-03-03 19:41:02,恩施州,252.0,201.0,4.0
642,湖北省,67217,36208,2835,2020-03-03 19:41:02,潜江,198.0,128.0,9.0
643,湖北省,67217,36208,2835,2020-03-03 19:41:02,天门,496.0,414.0,14.0
644,湖北省,67217,36208,2835,2020-03-03 19:41:02,咸宁,836.0,749.0,12.0
645,湖北省,67217,36208,2835,2020-03-03 19:41:02,仙桃,575.0,467.0,20.0
646,湖北省,67217,36208,2835,2020-03-03 19:41:02,十堰,672.0,491.0,7.0
647,湖北省,67217,36208,2835,2020-03-03 19:41:02,黄石,1014.0,752.0,35.0
648,湖北省,67217,36208,2835,2020-03-03 19:41:02,襄阳,1175.0,913.0,34.0
649,湖北省,67217,36208,2835,2020-03-03 19:41:02,荆门,928.0,651.0,39.0
650,湖北省,67217,36208,2835,2020-03-03 19:41:02,宜昌,931.0,583.0,32.0
651,湖北省,67217,36208,2835,2020-03-03 19:41:02,随州,1307.0,893.0,42.0
652,湖北省,67217,36208,2835,2020-03-03 19:41:02,荆州,1580.0,1144.0,48.0
653,湖北省,67217,36208,2835,2020-03-03 19:41:02,黄冈,2907.0,2343.0,119.0
654,湖北省,67217,36208,2835,2020-03-03 19:41:02,鄂州,1391.0,840.0,48.0
655,湖北省,67217,36208,2835,2020-03-03 19:41:02,孝感,3518.0,2560.0,120.0
656,湖北省,67217,36208,2835,2020-03-03 19:41:02,武汉,49426.0,23068.0,2252.0
657,湖北省,67332,38557,2871,2020-03-04 21:50:02,神农架林区,11.0,11.0,0.0
658,湖北省,67332,38557,2871,2020-03-04 21:50:02,恩施州,252.0,205.0,4.0
659,湖北省,67332,38557,2871,2020-03-04 21:50:02,潜江,198.0,142.0,9.0
660,湖北省,67332,38557,2871,2020-03-04 21:50:02,天门,496.0,421.0,14.0
661,湖北省,67332,38557,2871,2020-03-04 21:50:02,咸宁,836.0,760.0,14.0
662,湖北省,67332,38557,2871,2020-03-04 21:50:02,仙桃,575.0,477.0,20.0
663,湖北省,67332,38557,2871,2020-03-04 21:50:02,十堰,672.0,505.0,7.0
664,湖北省,67332,38557,2871,2020-03-04 21:50:02,黄石,1014.0,783.0,36.0
665,湖北省,67332,38557,2871,2020-03-04 21:50:02,襄阳,1175.0,940.0,34.0
666,湖北省,67332,38557,2871,2020-03-04 21:50:02,荆门,928.0,664.0,39.0
667,湖北省,67332,38557,2871,2020-03-04 21:50:02,宜昌,931.0,608.0,32.0
668,湖北省,67332,38557,2871,2020-03-04 21:50:02,荆州,1580.0,1215.0,48.0
669,湖北省,67332,38557,2871,2020-03-04 21:50:02,随州,1307.0,937.0,42.0
670,湖北省,67332,38557,2871,2020-03-04 21:50:02,黄冈,2907.0,2406.0,121.0
671,湖北省,67332,38557,2871,2020-03-04 21:50:02,鄂州,1392.0,880.0,49.0
672,湖北省,67332,38557,2871,2020-03-04 21:50:02,孝感,3518.0,2713.0,120.0
673,湖北省,67332,38557,2871,2020-03-04 21:50:02,武汉,49540.0,24890.0,2282.0
674,湖北省,67466,40592,2902,2020-03-05 22:51:01,神农架林区,11.0,11.0,0.0
675,湖北省,67466,40592,2902,2020-03-05 22:51:01,潜江,198.0,151.0,9.0
676,湖北省,67466,40592,2902,2020-03-05 22:51:01,恩施州,252.0,207.0,5.0
677,湖北省,67466,40592,2902,2020-03-05 22:51:01,天门,496.0,435.0,15.0
678,湖北省,67466,40592,2902,2020-03-05 22:51:01,咸宁,836.0,776.0,14.0
679,湖北省,67466,40592,2902,2020-03-05 22:51:01,仙桃,575.0,481.0,20.0
680,湖北省,67466,40592,2902,2020-03-05 22:51:01,十堰,672.0,528.0,7.0
681,湖北省,67466,40592,2902,2020-03-05 22:51:01,黄石,1015.0,827.0,36.0
682,湖北省,67466,40592,2902,2020-03-05 22:51:01,襄阳,1175.0,980.0,35.0
683,湖北省,67466,40592,2902,2020-03-05 22:51:01,荆门,928.0,686.0,39.0
684,湖北省,67466,40592,2902,2020-03-05 22:51:01,宜昌,931.0,640.0,33.0
685,湖北省,67466,40592,2902,2020-03-05 22:51:01,荆州,1580.0,1269.0,48.0
686,湖北省,67466,40592,2902,2020-03-05 22:51:01,随州,1307.0,975.0,42.0
687,湖北省,67466,40592,2902,2020-03-05 22:51:01,黄冈,2907.0,2472.0,121.0
688,湖北省,67466,40592,2902,2020-03-05 22:51:01,鄂州,1394.0,918.0,52.0
689,湖北省,67466,40592,2902,2020-03-05 22:51:01,孝感,3518.0,2821.0,121.0
690,湖北省,67466,40592,2902,2020-03-05 22:51:01,武汉,49671.0,26415.0,2305.0
691,湖北省,67592,42033,2931,2020-03-06 23:09:02,神农架林区,11.0,11.0,0.0
692,湖北省,67592,42033,2931,2020-03-06 23:09:02,恩施州,252.0,226.0,6.0
693,湖北省,67592,42033,2931,2020-03-06 23:09:02,潜江,198.0,159.0,9.0
694,湖北省,67592,42033,2931,2020-03-06 23:09:02,咸宁,836.0,786.0,14.0
695,湖北省,67592,42033,2931,2020-03-06 23:09:02,天门,496.0,442.0,15.0
696,湖北省,67592,42033,2931,2020-03-06 23:09:02,仙桃,575.0,490.0,20.0
697,湖北省,67592,42033,2931,2020-03-06 23:09:02,黄石,1015.0,859.0,36.0
698,湖北省,67592,42033,2931,2020-03-06 23:09:02,十堰,672.0,539.0,8.0
699,湖北省,67592,42033,2931,2020-03-06 23:09:02,襄阳,1175.0,1011.0,35.0
700,湖北省,67592,42033,2931,2020-03-06 23:09:02,荆门,928.0,702.0,39.0
701,湖北省,67592,42033,2931,2020-03-06 23:09:02,荆州,1580.0,1327.0,48.0
702,湖北省,67592,42033,2931,2020-03-06 23:09:02,宜昌,931.0,684.0,33.0
703,湖北省,67592,42033,2931,2020-03-06 23:09:02,随州,1307.0,1010.0,42.0
704,湖北省,67592,42033,2931,2020-03-06 23:09:02,黄冈,2907.0,2526.0,122.0
705,湖北省,67592,42033,2931,2020-03-06 23:09:02,鄂州,1394.0,930.0,53.0
706,湖北省,67592,42033,2931,2020-03-06 23:09:02,孝感,3518.0,2911.0,123.0
707,湖北省,67592,42033,2931,2020-03-06 23:09:02,武汉,49797.0,27420.0,2328.0
708,湖北省,67666,43500,2959,2020-03-07 19:19:01,神农架林区,11.0,11.0,0.0
709,湖北省,67666,43500,2959,2020-03-07 19:19:01,恩施州,252.0,231.0,6.0
710,湖北省,67666,43500,2959,2020-03-07 19:19:01,咸宁,836.0,794.0,14.0
711,湖北省,67666,43500,2959,2020-03-07 19:19:01,潜江,198.0,160.0,9.0
712,湖北省,67666,43500,2959,2020-03-07 19:19:01,天门,496.0,451.0,15.0
713,湖北省,67666,43500,2959,2020-03-07 19:19:01,仙桃,575.0,497.0,21.0
714,湖北省,67666,43500,2959,2020-03-07 19:19:01,黄石,1015.0,883.0,36.0
715,湖北省,67666,43500,2959,2020-03-07 19:19:01,襄阳,1175.0,1040.0,36.0
716,湖北省,67666,43500,2959,2020-03-07 19:19:01,十堰,672.0,553.0,8.0
717,湖北省,67666,43500,2959,2020-03-07 19:19:01,荆门,928.0,728.0,39.0
718,湖北省,67666,43500,2959,2020-03-07 19:19:01,荆州,1580.0,1351.0,48.0
719,湖北省,67666,43500,2959,2020-03-07 19:19:01,宜昌,931.0,707.0,33.0
720,湖北省,67666,43500,2959,2020-03-07 19:19:01,黄冈,2907.0,2582.0,125.0
721,湖北省,67666,43500,2959,2020-03-07 19:19:01,随州,1307.0,1048.0,43.0
722,湖北省,67666,43500,2959,2020-03-07 19:19:01,鄂州,1394.0,956.0,54.0
723,湖北省,67666,43500,2959,2020-03-07 19:19:01,孝感,3518.0,2972.0,123.0
724,湖北省,67666,43500,2959,2020-03-07 19:19:01,武汉,49871.0,28536.0,2349.0
725,湖北省,67707,45235,2986,2020-03-08 22:39:16,神农架林区,11.0,11.0,0.0
726,湖北省,67707,45235,2986,2020-03-08 22:39:16,恩施州,252.0,233.0,6.0
727,湖北省,67707,45235,2986,2020-03-08 22:39:16,潜江,198.0,168.0,9.0
728,湖北省,67707,45235,2986,2020-03-08 22:39:16,咸宁,836.0,801.0,14.0
729,湖北省,67707,45235,2986,2020-03-08 22:39:16,天门,496.0,457.0,15.0
730,湖北省,67707,45235,2986,2020-03-08 22:39:16,仙桃,575.0,501.0,21.0
731,湖北省,67707,45235,2986,2020-03-08 22:39:16,襄阳,1175.0,1055.0,38.0
732,湖北省,67707,45235,2986,2020-03-08 22:39:16,十堰,672.0,571.0,8.0
733,湖北省,67707,45235,2986,2020-03-08 22:39:16,黄石,1015.0,884.0,36.0
734,湖北省,67707,45235,2986,2020-03-08 22:39:16,荆门,928.0,743.0,39.0
735,湖北省,67707,45235,2986,2020-03-08 22:39:16,黄冈,2907.0,2636.0,125.0
736,湖北省,67707,45235,2986,2020-03-08 22:39:16,荆州,1580.0,1377.0,49.0
737,湖北省,67707,45235,2986,2020-03-08 22:39:16,宜昌,931.0,727.0,34.0
738,湖北省,67707,45235,2986,2020-03-08 22:39:16,随州,1307.0,1077.0,43.0
739,湖北省,67707,45235,2986,2020-03-08 22:39:16,鄂州,1394.0,993.0,54.0
740,湖北省,67707,45235,2986,2020-03-08 22:39:16,孝感,3518.0,3024.0,125.0
741,湖北省,67707,45235,2986,2020-03-08 22:39:16,武汉,49912.0,29977.0,2370.0
742,湖北省,67743,46488,3008,2020-03-09 22:17:01,神农架林区,11.0,11.0,0.0
743,湖北省,67743,46488,3008,2020-03-09 22:17:01,恩施州,252.0,233.0,6.0
744,湖北省,67743,46488,3008,2020-03-09 22:17:01,咸宁,836.0,806.0,14.0
745,湖北省,67743,46488,3008,2020-03-09 22:17:01,潜江,198.0,172.0,9.0
746,湖北省,67743,46488,3008,2020-03-09 22:17:01,天门,496.0,461.0,15.0
747,湖北省,67743,46488,3008,2020-03-09 22:17:01,仙桃,575.0,506.0,21.0
748,湖北省,67743,46488,3008,2020-03-09 22:17:01,襄阳,1175.0,1064.0,38.0
749,湖北省,67743,46488,3008,2020-03-09 22:17:01,十堰,672.0,588.0,8.0
750,湖北省,67743,46488,3008,2020-03-09 22:17:01,黄石,1015.0,897.0,37.0
751,湖北省,67743,46488,3008,2020-03-09 22:17:01,荆州,1580.0,1411.0,49.0
752,湖北省,67743,46488,3008,2020-03-09 22:17:01,荆门,928.0,767.0,39.0
753,湖北省,67743,46488,3008,2020-03-09 22:17:01,黄冈,2907.0,2641.0,125.0
754,湖北省,67743,46488,3008,2020-03-09 22:17:01,宜昌,931.0,753.0,34.0
755,湖北省,67743,46488,3008,2020-03-09 22:17:01,随州,1307.0,1104.0,44.0
756,湖北省,67743,46488,3008,2020-03-09 22:17:01,鄂州,1394.0,1030.0,54.0
757,湖北省,67743,46488,3008,2020-03-09 22:17:01,孝感,3518.0,3057.0,126.0
758,湖北省,67743,46488,3008,2020-03-09 22:17:01,武汉,49948.0,30987.0,2389.0
759,湖北省,67760,47743,3024,2020-03-10 23:01:19,神农架林区,11.0,11.0,0.0
760,湖北省,67760,47743,3024,2020-03-10 23:01:19,天门,496.0,471.0,15.0
761,湖北省,67760,47743,3024,2020-03-10 23:01:19,潜江,198.0,176.0,9.0
762,湖北省,67760,47743,3024,2020-03-10 23:01:19,恩施州,252.0,233.0,6.0
763,湖北省,67760,47743,3024,2020-03-10 23:01:19,咸宁,836.0,808.0,14.0
764,湖北省,67760,47743,3024,2020-03-10 23:01:19,仙桃,575.0,518.0,22.0
765,湖北省,67760,47743,3024,2020-03-10 23:01:19,襄阳,1175.0,1072.0,38.0
766,湖北省,67760,47743,3024,2020-03-10 23:01:19,黄石,1015.0,911.0,37.0
767,湖北省,67760,47743,3024,2020-03-10 23:01:19,十堰,672.0,596.0,8.0
768,湖北省,67760,47743,3024,2020-03-10 23:01:19,荆门,928.0,789.0,39.0
769,湖北省,67760,47743,3024,2020-03-10 23:01:19,荆州,1580.0,1431.0,49.0
770,湖北省,67760,47743,3024,2020-03-10 23:01:19,黄冈,2907.0,2664.0,125.0
771,湖北省,67760,47743,3024,2020-03-10 23:01:19,宜昌,931.0,772.0,34.0
772,湖北省,67760,47743,3024,2020-03-10 23:01:19,随州,1307.0,1126.0,44.0
773,湖北省,67760,47743,3024,2020-03-10 23:01:19,鄂州,1394.0,1079.0,54.0
774,湖北省,67760,47743,3024,2020-03-10 23:01:19,孝感,3518.0,3111.0,126.0
775,湖北省,67760,47743,3024,2020-03-10 23:01:19,武汉,49965.0,31975.0,2404.0
776,湖北省,67773,49134,3046,2020-03-11 18:49:50,神农架林区,11.0,11.0,0.0
777,湖北省,67773,49134,3046,2020-03-11 18:49:50,天门,496.0,473.0,15.0
778,湖北省,67773,49134,3046,2020-03-11 18:49:50,潜江,198.0,179.0,9.0
779,湖北省,67773,49134,3046,2020-03-11 18:49:50,恩施州,252.0,235.0,7.0
780,湖北省,67773,49134,3046,2020-03-11 18:49:50,咸宁,836.0,812.0,14.0
781,湖北省,67773,49134,3046,2020-03-11 18:49:50,仙桃,575.0,520.0,22.0
782,湖北省,67773,49134,3046,2020-03-11 18:49:50,襄阳,1175.0,1094.0,38.0
783,湖北省,67773,49134,3046,2020-03-11 18:49:50,黄石,1015.0,919.0,38.0
784,湖北省,67773,49134,3046,2020-03-11 18:49:50,十堰,672.0,604.0,8.0
785,湖北省,67773,49134,3046,2020-03-11 18:49:50,荆门,928.0,817.0,39.0
786,湖北省,67773,49134,3046,2020-03-11 18:49:50,荆州,1580.0,1442.0,49.0
787,湖北省,67773,49134,3046,2020-03-11 18:49:50,宜昌,931.0,800.0,35.0
788,湖北省,67773,49134,3046,2020-03-11 18:49:50,黄冈,2907.0,2684.0,125.0
789,湖北省,67773,49134,3046,2020-03-11 18:49:50,随州,1307.0,1151.0,44.0
790,湖北省,67773,49134,3046,2020-03-11 18:49:50,鄂州,1394.0,1127.0,54.0
791,湖北省,67773,49134,3046,2020-03-11 18:49:50,孝感,3518.0,3149.0,126.0
792,湖北省,67773,49134,3046,2020-03-11 18:49:50,武汉,49978.0,33117.0,2423.0
793,湖北省,67781,50318,3056,2020-03-12 17:33:24,神农架林区,11.0,11.0,0.0
794,湖北省,67781,50318,3056,2020-03-12 17:33:24,天门,496.0,474.0,15.0
795,湖北省,67781,50318,3056,2020-03-12 17:33:24,潜江,198.0,180.0,9.0
796,湖北省,67781,50318,3056,2020-03-12 17:33:24,恩施州,252.0,235.0,7.0
797,湖北省,67781,50318,3056,2020-03-12 17:33:24,咸宁,836.0,812.0,14.0
798,湖北省,67781,50318,3056,2020-03-12 17:33:24,襄阳,1175.0,1105.0,38.0
799,湖北省,67781,50318,3056,2020-03-12 17:33:24,仙桃,575.0,520.0,22.0
800,湖北省,67781,50318,3056,2020-03-12 17:33:24,十堰,672.0,614.0,8.0
801,湖北省,67781,50318,3056,2020-03-12 17:33:24,荆门,928.0,834.0,39.0
802,湖北省,67781,50318,3056,2020-03-12 17:33:24,黄石,1015.0,921.0,38.0
803,湖北省,67781,50318,3056,2020-03-12 17:33:24,宜昌,931.0,834.0,36.0
804,湖北省,67781,50318,3056,2020-03-12 17:33:24,黄冈,2907.0,2708.0,125.0
805,湖北省,67781,50318,3056,2020-03-12 17:33:24,荆州,1580.0,1452.0,49.0
806,湖北省,67781,50318,3056,2020-03-12 17:33:24,随州,1307.0,1167.0,45.0
807,湖北省,67781,50318,3056,2020-03-12 17:33:24,鄂州,1394.0,1176.0,55.0
808,湖北省,67781,50318,3056,2020-03-12 17:33:24,孝感,3518.0,3179.0,126.0
809,湖北省,67781,50318,3056,2020-03-12 17:33:24,武汉,49986.0,34096.0,2430.0
810,湖北省,67786,51553,3062,2020-03-13 11:08:59,神农架林区,11.0,11.0,0.0
811,湖北省,67786,51553,3062,2020-03-13 11:08:59,天门,496.0,476.0,15.0
812,湖北省,67786,51553,3062,2020-03-13 11:08:59,咸宁,836.0,816.0,14.0
813,湖北省,67786,51553,3062,2020-03-13 11:08:59,潜江,198.0,182.0,9.0
814,湖北省,67786,51553,3062,2020-03-13 11:08:59,恩施州,252.0,236.0,7.0
815,湖北省,67786,51553,3062,2020-03-13 11:08:59,襄阳,1175.0,1112.0,38.0
816,湖北省,67786,51553,3062,2020-03-13 11:08:59,仙桃,575.0,520.0,22.0
817,湖北省,67786,51553,3062,2020-03-13 11:08:59,十堰,672.0,626.0,8.0
818,湖北省,67786,51553,3062,2020-03-13 11:08:59,黄石,1015.0,938.0,38.0
819,湖北省,67786,51553,3062,2020-03-13 11:08:59,宜昌,931.0,847.0,36.0
820,湖北省,67786,51553,3062,2020-03-13 11:08:59,荆门,928.0,839.0,39.0
821,湖北省,67786,51553,3062,2020-03-13 11:08:59,黄冈,2907.0,2720.0,125.0
822,湖北省,67786,51553,3062,2020-03-13 11:08:59,荆州,1580.0,1464.0,49.0
823,湖北省,67786,51553,3062,2020-03-13 11:08:59,随州,1307.0,1181.0,45.0
824,湖北省,67786,51553,3062,2020-03-13 11:08:59,鄂州,1394.0,1184.0,55.0
825,湖北省,67786,51553,3062,2020-03-13 11:08:59,孝感,3518.0,3204.0,126.0
826,湖北省,67786,51553,3062,2020-03-13 11:08:59,武汉,49991.0,35197.0,2436.0
827,湖北省,67790,52960,3075,2020-03-14 17:58:00,神农架林区,11.0,11.0,0.0
828,湖北省,67790,52960,3075,2020-03-14 17:58:00,咸宁,836.0,818.0,14.0
829,湖北省,67790,52960,3075,2020-03-14 17:58:00,天门,496.0,476.0,15.0
830,湖北省,67790,52960,3075,2020-03-14 17:58:00,潜江,198.0,182.0,9.0
831,湖北省,67790,52960,3075,2020-03-14 17:58:00,恩施州,252.0,238.0,7.0
832,湖北省,67790,52960,3075,2020-03-14 17:58:00,襄阳,1175.0,1115.0,38.0
833,湖北省,67790,52960,3075,2020-03-14 17:58:00,荆门,928.0,860.0,39.0
834,湖北省,67790,52960,3075,2020-03-14 17:58:00,仙桃,575.0,520.0,22.0
835,湖北省,67790,52960,3075,2020-03-14 17:58:00,黄石,1015.0,943.0,38.0
836,湖北省,67790,52960,3075,2020-03-14 17:58:00,十堰,672.0,629.0,8.0
837,湖北省,67790,52960,3075,2020-03-14 17:58:00,宜昌,931.0,858.0,36.0
838,湖北省,67790,52960,3075,2020-03-14 17:58:00,黄冈,2907.0,2730.0,125.0
839,湖北省,67790,52960,3075,2020-03-14 17:58:00,荆州,1580.0,1474.0,50.0
840,湖北省,67790,52960,3075,2020-03-14 17:58:00,随州,1307.0,1192.0,45.0
841,湖北省,67790,52960,3075,2020-03-14 17:58:00,鄂州,1394.0,1212.0,57.0
842,湖北省,67790,52960,3075,2020-03-14 17:58:00,孝感,3518.0,3237.0,126.0
843,湖北省,67790,52960,3075,2020-03-14 17:58:00,武汉,49995.0,36465.0,2446.0
844,湖北省,67794,54288,3085,2020-03-15 18:07:03,神农架林区,11.0,11.0,0.0
845,湖北省,67794,54288,3085,2020-03-15 18:07:03,咸宁,836.0,819.0,14.0
846,湖北省,67794,54288,3085,2020-03-15 18:07:03,恩施州,252.0,241.0,7.0
847,湖北省,67794,54288,3085,2020-03-15 18:07:03,天门,496.0,477.0,15.0
848,湖北省,67794,54288,3085,2020-03-15 18:07:03,潜江,198.0,182.0,9.0
849,湖北省,67794,54288,3085,2020-03-15 18:07:03,襄阳,1175.0,1125.0,38.0
850,湖北省,67794,54288,3085,2020-03-15 18:07:03,荆门,928.0,864.0,39.0
851,湖北省,67794,54288,3085,2020-03-15 18:07:03,仙桃,575.0,526.0,22.0
852,湖北省,67794,54288,3085,2020-03-15 18:07:03,黄石,1015.0,948.0,38.0
853,湖北省,67794,54288,3085,2020-03-15 18:07:03,宜昌,931.0,864.0,36.0
854,湖北省,67794,54288,3085,2020-03-15 18:07:03,十堰,672.0,630.0,8.0
855,湖北省,67794,54288,3085,2020-03-15 18:07:03,黄冈,2907.0,2738.0,125.0
856,湖北省,67794,54288,3085,2020-03-15 18:07:03,荆州,1580.0,1483.0,50.0
857,湖北省,67794,54288,3085,2020-03-15 18:07:03,随州,1307.0,1213.0,45.0
858,湖北省,67794,54288,3085,2020-03-15 18:07:03,鄂州,1394.0,1272.0,57.0
859,湖北省,67794,54288,3085,2020-03-15 18:07:03,孝感,3518.0,3253.0,126.0
860,湖北省,67794,54288,3085,2020-03-15 18:07:03,武汉,49999.0,37642.0,2456.0
861,湖北省,67798,55142,3099,2020-03-16 21:54:01,神农架林区,11.0,11.0,0.0
862,湖北省,67798,55142,3099,2020-03-16 21:54:01,恩施州,252.0,242.0,7.0
863,湖北省,67798,55142,3099,2020-03-16 21:54:01,咸宁,836.0,819.0,14.0
864,湖北省,67798,55142,3099,2020-03-16 21:54:01,天门,496.0,477.0,15.0
865,湖北省,67798,55142,3099,2020-03-16 21:54:01,潜江,198.0,183.0,9.0
866,湖北省,67798,55142,3099,2020-03-16 21:54:01,襄阳,1175.0,1128.0,38.0
867,湖北省,67798,55142,3099,2020-03-16 21:54:01,仙桃,575.0,529.0,22.0
868,湖北省,67798,55142,3099,2020-03-16 21:54:01,荆门,928.0,865.0,39.0
869,湖北省,67798,55142,3099,2020-03-16 21:54:01,宜昌,931.0,868.0,36.0
870,湖北省,67798,55142,3099,2020-03-16 21:54:01,黄石,1015.0,950.0,38.0
871,湖北省,67798,55142,3099,2020-03-16 21:54:01,十堰,672.0,634.0,8.0
872,湖北省,67798,55142,3099,2020-03-16 21:54:01,黄冈,2907.0,2750.0,125.0
873,湖北省,67798,55142,3099,2020-03-16 21:54:01,荆州,1580.0,1492.0,50.0
874,湖北省,67798,55142,3099,2020-03-16 21:54:01,随州,1307.0,1221.0,45.0
875,湖北省,67798,55142,3099,2020-03-16 21:54:01,鄂州,1394.0,1275.0,57.0
876,湖北省,67798,55142,3099,2020-03-16 21:54:01,孝感,3518.0,3266.0,127.0
877,湖北省,67798,55142,3099,2020-03-16 21:54:01,武汉,50003.0,38432.0,2469.0
878,湖北省,67799,56003,3111,2020-03-17 19:47:01,神农架林区,11.0,11.0,0.0
879,湖北省,67799,56003,3111,2020-03-17 19:47:01,咸宁,836.0,821.0,15.0
880,湖北省,67799,56003,3111,2020-03-17 19:47:01,恩施州,252.0,243.0,7.0
881,湖北省,67799,56003,3111,2020-03-17 19:47:01,天门,496.0,477.0,15.0
882,湖北省,67799,56003,3111,2020-03-17 19:47:01,潜江,198.0,184.0,9.0
883,湖北省,67799,56003,3111,2020-03-17 19:47:01,襄阳,1175.0,1129.0,38.0
884,湖北省,67799,56003,3111,2020-03-17 19:47:01,黄石,1015.0,961.0,38.0
885,湖北省,67799,56003,3111,2020-03-17 19:47:01,黄冈,2907.0,2765.0,125.0
886,湖北省,67799,56003,3111,2020-03-17 19:47:01,荆门,928.0,868.0,39.0
887,湖北省,67799,56003,3111,2020-03-17 19:47:01,仙桃,575.0,531.0,22.0
888,湖北省,67799,56003,3111,2020-03-17 19:47:01,宜昌,931.0,873.0,36.0
889,湖北省,67799,56003,3111,2020-03-17 19:47:01,十堰,672.0,638.0,8.0
890,湖北省,67799,56003,3111,2020-03-17 19:47:01,荆州,1580.0,1498.0,50.0
891,湖北省,67799,56003,3111,2020-03-17 19:47:01,随州,1307.0,1221.0,45.0
892,湖北省,67799,56003,3111,2020-03-17 19:47:01,鄂州,1394.0,1285.0,57.0
893,湖北省,67799,56003,3111,2020-03-17 19:47:01,孝感,3518.0,3278.0,127.0
894,湖北省,67799,56003,3111,2020-03-17 19:47:01,武汉,50004.0,39220.0,2480.0
895,湖北省,67800,56927,3122,2020-03-18 22:16:04,神农架林区,11.0,11.0,0.0
896,湖北省,67800,56927,3122,2020-03-18 22:16:04,恩施州,252.0,245.0,7.0
897,湖北省,67800,56927,3122,2020-03-18 22:16:04,咸宁,836.0,821.0,15.0
898,湖北省,67800,56927,3122,2020-03-18 22:16:04,黄冈,2907.0,2782.0,125.0
899,湖北省,67800,56927,3122,2020-03-18 22:16:04,天门,496.0,478.0,15.0
900,湖北省,67800,56927,3122,2020-03-18 22:16:04,潜江,198.0,184.0,9.0
901,湖北省,67800,56927,3122,2020-03-18 22:16:04,襄阳,1175.0,1131.0,38.0
902,湖北省,67800,56927,3122,2020-03-18 22:16:04,宜昌,931.0,881.0,36.0
903,湖北省,67800,56927,3122,2020-03-18 22:16:04,黄石,1015.0,963.0,38.0
904,湖北省,67800,56927,3122,2020-03-18 22:16:04,仙桃,575.0,535.0,22.0
905,湖北省,67800,56927,3122,2020-03-18 22:16:04,十堰,672.0,645.0,8.0
906,湖北省,67800,56927,3122,2020-03-18 22:16:04,荆门,928.0,870.0,39.0
907,湖北省,67800,56927,3122,2020-03-18 22:16:04,荆州,1580.0,1499.0,50.0
908,湖北省,67800,56927,3122,2020-03-18 22:16:04,随州,1307.0,1222.0,45.0
909,湖北省,67800,56927,3122,2020-03-18 22:16:04,鄂州,1394.0,1290.0,57.0
910,湖北省,67800,56927,3122,2020-03-18 22:16:04,孝感,3518.0,3297.0,128.0
911,湖北省,67800,56927,3122,2020-03-18 22:16:04,武汉,50005.0,40073.0,2490.0
912,湖北省,67800,57682,3130,2020-03-19 21:28:02,神农架林区,11.0,11.0,0.0
913,湖北省,67800,57682,3130,2020-03-19 21:28:02,恩施州,252.0,245.0,7.0
914,湖北省,67800,57682,3130,2020-03-19 21:28:02,咸宁,836.0,821.0,15.0
915,湖北省,67800,57682,3130,2020-03-19 21:28:02,黄冈,2907.0,2782.0,125.0
916,湖北省,67800,57682,3130,2020-03-19 21:28:02,潜江,198.0,187.0,9.0
917,湖北省,67800,57682,3130,2020-03-19 21:28:02,天门,496.0,479.0,15.0
918,湖北省,67800,57682,3130,2020-03-19 21:28:02,襄阳,1175.0,1131.0,39.0
919,湖北省,67800,57682,3130,2020-03-19 21:28:02,十堰,672.0,655.0,8.0
920,湖北省,67800,57682,3130,2020-03-19 21:28:02,黄石,1015.0,965.0,38.0
921,湖北省,67800,57682,3130,2020-03-19 21:28:02,宜昌,931.0,882.0,36.0
922,湖北省,67800,57682,3130,2020-03-19 21:28:02,仙桃,575.0,538.0,22.0
923,湖北省,67800,57682,3130,2020-03-19 21:28:02,荆门,928.0,871.0,39.0
924,湖北省,67800,57682,3130,2020-03-19 21:28:02,荆州,1580.0,1502.0,50.0
925,湖北省,67800,57682,3130,2020-03-19 21:28:02,随州,1307.0,1226.0,45.0
926,湖北省,67800,57682,3130,2020-03-19 21:28:02,鄂州,1394.0,1298.0,58.0
927,湖北省,67800,57682,3130,2020-03-19 21:28:02,孝感,3518.0,3323.0,128.0
928,湖北省,67800,57682,3130,2020-03-19 21:28:02,武汉,50005.0,40766.0,2496.0
929,湖北省,67800,58382,3133,2020-03-20 15:29:42,神农架林区,11.0,11.0,0.0
930,湖北省,67800,58382,3133,2020-03-20 15:29:42,恩施州,252.0,245.0,7.0
931,湖北省,67800,58382,3133,2020-03-20 15:29:42,咸宁,836.0,821.0,15.0
932,湖北省,67800,58382,3133,2020-03-20 15:29:42,黄冈,2907.0,2782.0,125.0
933,湖北省,67800,58382,3133,2020-03-20 15:29:42,潜江,198.0,187.0,9.0
934,湖北省,67800,58382,3133,2020-03-20 15:29:42,天门,496.0,479.0,15.0
935,湖北省,67800,58382,3133,2020-03-20 15:29:42,十堰,672.0,661.0,8.0
936,湖北省,67800,58382,3133,2020-03-20 15:29:42,襄阳,1175.0,1131.0,39.0
937,湖北省,67800,58382,3133,2020-03-20 15:29:42,宜昌,931.0,886.0,36.0
938,湖北省,67800,58382,3133,2020-03-20 15:29:42,黄石,1015.0,967.0,38.0
939,湖北省,67800,58382,3133,2020-03-20 15:29:42,仙桃,575.0,542.0,22.0
940,湖北省,67800,58382,3133,2020-03-20 15:29:42,荆州,1580.0,1517.0,50.0
941,湖北省,67800,58382,3133,2020-03-20 15:29:42,荆门,928.0,875.0,39.0
942,湖北省,67800,58382,3133,2020-03-20 15:29:42,随州,1307.0,1236.0,45.0
943,湖北省,67800,58382,3133,2020-03-20 15:29:42,鄂州,1394.0,1303.0,58.0
944,湖北省,67800,58382,3133,2020-03-20 15:29:42,孝感,3518.0,3349.0,128.0
945,湖北省,67800,58382,3133,2020-03-20 15:29:42,武汉,50005.0,41390.0,2499.0
946,湖北省,67800,58946,3139,2020-03-21 21:31:02,神农架林区,11.0,11.0,0.0
947,湖北省,67800,58946,3139,2020-03-21 21:31:02,恩施州,252.0,245.0,7.0
948,湖北省,67800,58946,3139,2020-03-21 21:31:02,天门,496.0,481.0,15.0
949,湖北省,67800,58946,3139,2020-03-21 21:31:02,咸宁,836.0,821.0,15.0
950,湖北省,67800,58946,3139,2020-03-21 21:31:02,黄冈,2907.0,2782.0,125.0
951,湖北省,67800,58946,3139,2020-03-21 21:31:02,十堰,672.0,663.0,8.0
952,湖北省,67800,58946,3139,2020-03-21 21:31:02,潜江,198.0,187.0,9.0
953,湖北省,67800,58946,3139,2020-03-21 21:31:02,宜昌,931.0,891.0,36.0
954,湖北省,67800,58946,3139,2020-03-21 21:31:02,黄石,1015.0,973.0,38.0
955,湖北省,67800,58946,3139,2020-03-21 21:31:02,荆州,1580.0,1525.0,51.0
956,湖北省,67800,58946,3139,2020-03-21 21:31:02,襄阳,1175.0,1131.0,39.0
957,湖北省,67800,58946,3139,2020-03-21 21:31:02,仙桃,575.0,546.0,22.0
958,湖北省,67800,58946,3139,2020-03-21 21:31:02,荆门,928.0,881.0,39.0
959,湖北省,67800,58946,3139,2020-03-21 21:31:02,随州,1307.0,1242.0,45.0
960,湖北省,67800,58946,3139,2020-03-21 21:31:02,鄂州,1394.0,1315.0,58.0
961,湖北省,67800,58946,3139,2020-03-21 21:31:02,孝感,3518.0,3360.0,128.0
962,湖北省,67800,58946,3139,2020-03-21 21:31:02,武汉,50005.0,41892.0,2504.0
963,湖北省,67800,59433,3144,2020-03-22 17:33:27,神农架林区,11.0,11.0,0.0
964,湖北省,67800,59433,3144,2020-03-22 17:33:27,恩施州,252.0,245.0,7.0
965,湖北省,67800,59433,3144,2020-03-22 17:33:27,天门,496.0,481.0,15.0
966,湖北省,67800,59433,3144,2020-03-22 17:33:27,咸宁,836.0,821.0,15.0
967,湖北省,67800,59433,3144,2020-03-22 17:33:27,黄冈,2907.0,2782.0,125.0
968,湖北省,67800,59433,3144,2020-03-22 17:33:27,十堰,672.0,663.0,8.0
969,湖北省,67800,59433,3144,2020-03-22 17:33:27,潜江,198.0,187.0,9.0
970,湖北省,67800,59433,3144,2020-03-22 17:33:27,宜昌,931.0,891.0,36.0
971,湖北省,67800,59433,3144,2020-03-22 17:33:27,黄石,1015.0,973.0,38.0
972,湖北省,67800,59433,3144,2020-03-22 17:33:27,荆州,1580.0,1525.0,51.0
973,湖北省,67800,59433,3144,2020-03-22 17:33:27,荆门,928.0,884.0,39.0
974,湖北省,67800,59433,3144,2020-03-22 17:33:27,襄阳,1175.0,1131.0,39.0
975,湖北省,67800,59433,3144,2020-03-22 17:33:27,仙桃,575.0,547.0,22.0
976,湖北省,67800,59433,3144,2020-03-22 17:33:27,随州,1307.0,1252.0,45.0
977,湖北省,67800,59433,3144,2020-03-22 17:33:27,鄂州,1394.0,1319.0,59.0
978,湖北省,67800,59433,3144,2020-03-22 17:33:27,孝感,3518.0,3366.0,128.0
979,湖北省,67800,59433,3144,2020-03-22 17:33:27,武汉,50005.0,42355.0,2508.0
980,湖北省,67800,59882,3153,2020-03-23 13:06:15,神农架林区,11.0,11.0,0.0
981,湖北省,67800,59882,3153,2020-03-23 13:06:15,恩施州,252.0,245.0,7.0
982,湖北省,67800,59882,3153,2020-03-23 13:06:15,天门,496.0,481.0,15.0
983,湖北省,67800,59882,3153,2020-03-23 13:06:15,十堰,672.0,664.0,8.0
984,湖北省,67800,59882,3153,2020-03-23 13:06:15,咸宁,836.0,821.0,15.0
985,湖北省,67800,59882,3153,2020-03-23 13:06:15,黄冈,2907.0,2782.0,125.0
986,湖北省,67800,59882,3153,2020-03-23 13:06:15,潜江,198.0,187.0,9.0
987,湖北省,67800,59882,3153,2020-03-23 13:06:15,襄阳,1175.0,1134.0,39.0
988,湖北省,67800,59882,3153,2020-03-23 13:06:15,宜昌,931.0,892.0,36.0
989,湖北省,67800,59882,3153,2020-03-23 13:06:15,黄石,1015.0,973.0,38.0
990,湖北省,67800,59882,3153,2020-03-23 13:06:15,荆州,1580.0,1525.0,51.0
991,湖北省,67800,59882,3153,2020-03-23 13:06:15,荆门,928.0,884.0,39.0
992,湖北省,67800,59882,3153,2020-03-23 13:06:15,仙桃,575.0,547.0,22.0
993,湖北省,67800,59882,3153,2020-03-23 13:06:15,随州,1307.0,1253.0,45.0
994,湖北省,67800,59882,3153,2020-03-23 13:06:15,鄂州,1394.0,1326.0,59.0
995,湖北省,67800,59882,3153,2020-03-23 13:06:15,孝感,3518.0,3369.0,128.0
996,湖北省,67800,59882,3153,2020-03-23 13:06:15,武汉,50005.0,42788.0,2517.0
997,湖北省,67801,60324,3160,2020-03-24 21:02:57,神农架林区,11.0,11.0,0.0
998,湖北省,67801,60324,3160,2020-03-24 21:02:57,恩施州,252.0,245.0,7.0
999,湖北省,67801,60324,3160,2020-03-24 21:02:57,天门,496.0,481.0,15.0
1000,湖北省,67801,60324,3160,2020-03-24 21:02:57,十堰,672.0,664.0,8.0
1001,湖北省,67801,60324,3160,2020-03-24 21:02:57,咸宁,836.0,821.0,15.0
1002,湖北省,67801,60324,3160,2020-03-24 21:02:57,黄冈,2907.0,2782.0,125.0
1003,湖北省,67801,60324,3160,2020-03-24 21:02:57,潜江,198.0,187.0,9.0
1004,湖北省,67801,60324,3160,2020-03-24 21:02:57,襄阳,1175.0,1134.0,39.0
1005,湖北省,67801,60324,3160,2020-03-24 21:02:57,宜昌,931.0,892.0,36.0
1006,湖北省,67801,60324,3160,2020-03-24 21:02:57,黄石,1015.0,974.0,38.0
1007,湖北省,67801,60324,3160,2020-03-24 21:02:57,荆州,1580.0,1526.0,51.0
1008,湖北省,67801,60324,3160,2020-03-24 21:02:57,荆门,928.0,885.0,39.0
1009,湖北省,67801,60324,3160,2020-03-24 21:02:57,随州,1307.0,1258.0,45.0
1010,湖北省,67801,60324,3160,2020-03-24 21:02:57,仙桃,575.0,547.0,22.0
1011,湖北省,67801,60324,3160,2020-03-24 21:02:57,鄂州,1394.0,1327.0,59.0
1012,湖北省,67801,60324,3160,2020-03-24 21:02:57,孝感,3518.0,3376.0,128.0
1013,湖北省,67801,60324,3160,2020-03-24 21:02:57,武汉,50006.0,43214.0,2524.0
1014,湖北省,67801,60811,3163,2020-03-25 18:50:39,神农架林区,11.0,11.0,0.0
1015,湖北省,67801,60811,3163,2020-03-25 18:50:39,恩施州,252.0,245.0,7.0
1016,湖北省,67801,60811,3163,2020-03-25 18:50:39,天门,496.0,481.0,15.0
1017,湖北省,67801,60811,3163,2020-03-25 18:50:39,十堰,672.0,664.0,8.0
1018,湖北省,67801,60811,3163,2020-03-25 18:50:39,咸宁,836.0,821.0,15.0
1019,湖北省,67801,60811,3163,2020-03-25 18:50:39,黄冈,2907.0,2782.0,125.0
1020,湖北省,67801,60811,3163,2020-03-25 18:50:39,潜江,198.0,187.0,9.0
1021,湖北省,67801,60811,3163,2020-03-25 18:50:39,仙桃,575.0,551.0,22.0
1022,湖北省,67801,60811,3163,2020-03-25 18:50:39,宜昌,931.0,893.0,36.0
1023,湖北省,67801,60811,3163,2020-03-25 18:50:39,黄石,1015.0,974.0,39.0
1024,湖北省,67801,60811,3163,2020-03-25 18:50:39,襄阳,1175.0,1134.0,39.0
1025,湖北省,67801,60811,3163,2020-03-25 18:50:39,随州,1307.0,1260.0,45.0
1026,湖北省,67801,60811,3163,2020-03-25 18:50:39,荆州,1580.0,1527.0,51.0
1027,湖北省,67801,60811,3163,2020-03-25 18:50:39,荆门,928.0,886.0,39.0
1028,湖北省,67801,60811,3163,2020-03-25 18:50:39,鄂州,1394.0,1328.0,59.0
1029,湖北省,67801,60811,3163,2020-03-25 18:50:39,孝感,3518.0,3380.0,128.0
1030,湖北省,67801,60811,3163,2020-03-25 18:50:39,武汉,50006.0,43687.0,2526.0
1031,湖北省,67801,61201,3169,2020-03-26 09:21:08,神农架林区,11.0,11.0,0.0
1032,湖北省,67801,61201,3169,2020-03-26 09:21:08,恩施州,252.0,245.0,7.0
1033,湖北省,67801,61201,3169,2020-03-26 09:21:08,天门,496.0,481.0,15.0
1034,湖北省,67801,61201,3169,2020-03-26 09:21:08,十堰,672.0,664.0,8.0
1035,湖北省,67801,61201,3169,2020-03-26 09:21:08,咸宁,836.0,821.0,15.0
1036,湖北省,67801,61201,3169,2020-03-26 09:21:08,随州,1307.0,1262.0,45.0
1037,湖北省,67801,61201,3169,2020-03-26 09:21:08,黄冈,2907.0,2782.0,125.0
1038,湖北省,67801,61201,3169,2020-03-26 09:21:08,潜江,198.0,188.0,9.0
1039,湖北省,67801,61201,3169,2020-03-26 09:21:08,黄石,1015.0,975.0,39.0
1040,湖北省,67801,61201,3169,2020-03-26 09:21:08,荆州,1580.0,1527.0,52.0
1041,湖北省,67801,61201,3169,2020-03-26 09:21:08,仙桃,575.0,551.0,22.0
1042,湖北省,67801,61201,3169,2020-03-26 09:21:08,宜昌,931.0,893.0,36.0
1043,湖北省,67801,61201,3169,2020-03-26 09:21:08,襄阳,1175.0,1134.0,39.0
1044,湖北省,67801,61201,3169,2020-03-26 09:21:08,荆门,928.0,886.0,39.0
1045,湖北省,67801,61201,3169,2020-03-26 09:21:08,鄂州,1394.0,1330.0,59.0
1046,湖北省,67801,61201,3169,2020-03-26 09:21:08,孝感,3518.0,3383.0,128.0
1047,湖北省,67801,61201,3169,2020-03-26 09:21:08,武汉,50006.0,44068.0,2531.0
1048,湖北省,67801,61732,3174,2020-03-27 16:21:10,神农架林区,11.0,11.0,0.0
1049,湖北省,67801,61732,3174,2020-03-27 16:21:10,恩施州,252.0,245.0,7.0
1050,湖北省,67801,61732,3174,2020-03-27 16:21:10,天门,496.0,481.0,15.0
1051,湖北省,67801,61732,3174,2020-03-27 16:21:10,十堰,672.0,664.0,8.0
1052,湖北省,67801,61732,3174,2020-03-27 16:21:10,咸宁,836.0,821.0,15.0
1053,湖北省,67801,61732,3174,2020-03-27 16:21:10,黄石,1015.0,976.0,39.0
1054,湖北省,67801,61732,3174,2020-03-27 16:21:10,随州,1307.0,1262.0,45.0
1055,湖北省,67801,61732,3174,2020-03-27 16:21:10,黄冈,2907.0,2782.0,125.0
1056,湖北省,67801,61732,3174,2020-03-27 16:21:10,潜江,198.0,188.0,9.0
1057,湖北省,67801,61732,3174,2020-03-27 16:21:10,宜昌,931.0,894.0,36.0
1058,湖北省,67801,61732,3174,2020-03-27 16:21:10,襄阳,1175.0,1135.0,39.0
1059,湖北省,67801,61732,3174,2020-03-27 16:21:10,荆州,1580.0,1527.0,52.0
1060,湖北省,67801,61732,3174,2020-03-27 16:21:10,仙桃,575.0,551.0,22.0
1061,湖北省,67801,61732,3174,2020-03-27 16:21:10,荆门,928.0,886.0,40.0
1062,湖北省,67801,61732,3174,2020-03-27 16:21:10,鄂州,1394.0,1332.0,59.0
1063,湖北省,67801,61732,3174,2020-03-27 16:21:10,孝感,3518.0,3386.0,128.0
1064,湖北省,67801,61732,3174,2020-03-27 16:21:10,武汉,50006.0,44591.0,2535.0
1065,湖北省,67801,62098,3177,2020-03-28 09:26:49,神农架林区,11.0,11.0,0.0
1066,湖北省,67801,62098,3177,2020-03-28 09:26:49,恩施州,252.0,245.0,7.0
1067,湖北省,67801,62098,3177,2020-03-28 09:26:49,天门,496.0,481.0,15.0
1068,湖北省,67801,62098,3177,2020-03-28 09:26:49,十堰,672.0,664.0,8.0
1069,湖北省,67801,62098,3177,2020-03-28 09:26:49,咸宁,836.0,821.0,15.0
1070,湖北省,67801,62098,3177,2020-03-28 09:26:49,黄石,1015.0,976.0,39.0
1071,湖北省,67801,62098,3177,2020-03-28 09:26:49,随州,1307.0,1262.0,45.0
1072,湖北省,67801,62098,3177,2020-03-28 09:26:49,荆州,1580.0,1528.0,52.0
1073,湖北省,67801,62098,3177,2020-03-28 09:26:49,黄冈,2907.0,2782.0,125.0
1074,湖北省,67801,62098,3177,2020-03-28 09:26:49,潜江,198.0,188.0,9.0
1075,湖北省,67801,62098,3177,2020-03-28 09:26:49,仙桃,575.0,552.0,22.0
1076,湖北省,67801,62098,3177,2020-03-28 09:26:49,荆门,928.0,887.0,40.0
1077,湖北省,67801,62098,3177,2020-03-28 09:26:49,宜昌,931.0,894.0,36.0
1078,湖北省,67801,62098,3177,2020-03-28 09:26:49,襄阳,1175.0,1135.0,39.0
1079,湖北省,67801,62098,3177,2020-03-28 09:26:49,孝感,3518.0,3389.0,128.0
1080,湖北省,67801,62098,3177,2020-03-28 09:26:49,鄂州,1394.0,1332.0,59.0
1081,湖北省,67801,62098,3177,2020-03-28 09:26:49,武汉,50006.0,44951.0,2538.0
1082,湖北省,67801,62565,3182,2020-03-29 09:34:01,神农架林区,11.0,11.0,0.0
1083,湖北省,67801,62565,3182,2020-03-29 09:34:01,恩施州,252.0,245.0,7.0
1084,湖北省,67801,62565,3182,2020-03-29 09:34:01,天门,496.0,481.0,15.0
1085,湖北省,67801,62565,3182,2020-03-29 09:34:01,十堰,672.0,664.0,8.0
1086,湖北省,67801,62565,3182,2020-03-29 09:34:01,咸宁,836.0,821.0,15.0
1087,湖北省,67801,62565,3182,2020-03-29 09:34:01,黄石,1015.0,976.0,39.0
1088,湖北省,67801,62565,3182,2020-03-29 09:34:01,随州,1307.0,1262.0,45.0
1089,湖北省,67801,62565,3182,2020-03-29 09:34:01,荆州,1580.0,1528.0,52.0
1090,湖北省,67801,62565,3182,2020-03-29 09:34:01,黄冈,2907.0,2782.0,125.0
1091,湖北省,67801,62565,3182,2020-03-29 09:34:01,潜江,198.0,188.0,9.0
1092,湖北省,67801,62565,3182,2020-03-29 09:34:01,仙桃,575.0,552.0,22.0
1093,湖北省,67801,62565,3182,2020-03-29 09:34:01,荆门,928.0,887.0,40.0
1094,湖北省,67801,62565,3182,2020-03-29 09:34:01,宜昌,931.0,894.0,36.0
1095,湖北省,67801,62565,3182,2020-03-29 09:34:01,襄阳,1175.0,1135.0,39.0
1096,湖北省,67801,62565,3182,2020-03-29 09:34:01,孝感,3518.0,3389.0,128.0
1097,湖北省,67801,62565,3182,2020-03-29 09:34:01,鄂州,1394.0,1332.0,59.0
1098,湖北省,67801,62565,3182,2020-03-29 09:34:01,武汉,50006.0,45418.0,2543.0
